# Sequel Pro dump
# Version 2210
# http://code.google.com/p/sequel-pro
#
# Host: 127.0.0.1 (MySQL 5.1.44)
# Database: kiwiguo
# Generation Time: 2011-02-12 00:44:16 +0800
# ************************************************************

/*!40101 SET @OLD_CHARACTER_SET_CLIENT=@@CHARACTER_SET_CLIENT */;
/*!40101 SET @OLD_CHARACTER_SET_RESULTS=@@CHARACTER_SET_RESULTS */;
/*!40101 SET @OLD_COLLATION_CONNECTION=@@COLLATION_CONNECTION */;
/*!40101 SET NAMES utf8 */;
/*!40014 SET @OLD_UNIQUE_CHECKS=@@UNIQUE_CHECKS, UNIQUE_CHECKS=0 */;
/*!40014 SET @OLD_FOREIGN_KEY_CHECKS=@@FOREIGN_KEY_CHECKS, FOREIGN_KEY_CHECKS=0 */;
/*!40101 SET @OLD_SQL_MODE=@@SQL_MODE, SQL_MODE='NO_AUTO_VALUE_ON_ZERO' */;
/*!40111 SET @OLD_SQL_NOTES=@@SQL_NOTES, SQL_NOTES=0 */;


# Dump of table kk_admin_users
# ------------------------------------------------------------

DROP TABLE IF EXISTS `kk_admin_users`;

CREATE TABLE `kk_admin_users` (
  `id` int(11) DEFAULT NULL
) ENGINE=MyISAM DEFAULT CHARSET=utf8;



# Dump of table kk_attach
# ------------------------------------------------------------

DROP TABLE IF EXISTS `kk_attach`;

CREATE TABLE `kk_attach` (
  `id` int(11) NOT NULL AUTO_INCREMENT,
  `file` varchar(255) DEFAULT NULL,
  `type` varchar(255) DEFAULT NULL,
  PRIMARY KEY (`id`)
) ENGINE=MyISAM AUTO_INCREMENT=10 DEFAULT CHARSET=utf8;

LOCK TABLES `kk_attach` WRITE;
/*!40000 ALTER TABLE `kk_attach` DISABLE KEYS */;
INSERT INTO `kk_attach` (`id`,`file`,`type`)
VALUES
	(3,'/2011/02/10/e4e754d1b65c9c3d70f3955e807ae28d.jpg','image'),
	(2,'/2011/02/10/42e31a3c7e9c0570c6445c014ff17d1a.jpg','image'),
	(4,'/2011/02/10/7ac6749e016e19d7aca1b41786514553.jpg','image'),
	(5,'/2011/02/10/fac264874c8c208148206ee53eb37de8.jpg','image'),
	(6,'/2011/02/10/c8a4678102bbbecfffe1f4f809a55919.jpg','image'),
	(7,'/2011/02/10/05babceb631415fe484bc00da6551137.jpg','image'),
	(8,'/2011/02/10/e8abdec777cb012b6df1f66ea35a431f.jpg','image'),
	(9,'/2011/02/10/70ff66c16d824b382181963931948f12.jpg','image');

/*!40000 ALTER TABLE `kk_attach` ENABLE KEYS */;
UNLOCK TABLES;


# Dump of table kk_channel
# ------------------------------------------------------------

DROP TABLE IF EXISTS `kk_channel`;

CREATE TABLE `kk_channel` (
  `id` int(11) DEFAULT NULL,
  `vouched` int(11) DEFAULT NULL
) ENGINE=MyISAM DEFAULT CHARSET=utf8;



# Dump of table kk_chat
# ------------------------------------------------------------

DROP TABLE IF EXISTS `kk_chat`;

CREATE TABLE `kk_chat` (
  `id` int(11) NOT NULL AUTO_INCREMENT,
  `title` varchar(255) DEFAULT NULL,
  `content` varchar(140) DEFAULT NULL,
  `parent_id` int(11) DEFAULT NULL,
  `user_id` int(11) DEFAULT NULL,
  `model` varchar(255) DEFAULT NULL,
  `model_id` int(11) DEFAULT NULL,
  `created` datetime DEFAULT NULL,
  `modified` timestamp NOT NULL DEFAULT CURRENT_TIMESTAMP ON UPDATE CURRENT_TIMESTAMP,
  PRIMARY KEY (`id`)
) ENGINE=MyISAM AUTO_INCREMENT=593 DEFAULT CHARSET=utf8;

LOCK TABLES `kk_chat` WRITE;
/*!40000 ALTER TABLE `kk_chat` DISABLE KEYS */;
INSERT INTO `kk_chat` (`id`,`title`,`content`,`parent_id`,`user_id`,`model`,`model_id`,`created`,`modified`)
VALUES
	(1,'saf','sfd',0,2,'group_topic',22,'2010-08-12 23:08:51','2010-09-01 21:14:20'),
	(55,NULL,'可以吗？',1,2,'group_topic',22,'2010-08-13 13:10:05','2010-09-01 21:14:23'),
	(54,NULL,'asdf',1,2,'group_topic',22,'2010-08-13 13:09:55','2010-09-01 21:53:21'),
	(56,'','sadfasdf',0,2,'group_topic',22,'2010-09-01 21:28:29','2010-09-01 21:28:29'),
	(57,'','sdf',0,2,'group_topic',22,'2010-09-01 21:32:47','2010-09-01 21:32:47'),
	(58,'','qwerqwe',0,2,'group_topic',22,'2010-09-01 21:32:49','2010-09-01 21:32:49'),
	(59,'','asd',0,2,'group_topic',22,'2010-09-01 21:33:49','2010-09-01 21:33:49'),
	(60,'','asd',0,2,'group_topic',22,'2010-09-01 21:33:50','2010-09-01 21:33:50'),
	(61,'','asd',0,2,'group_topic',22,'2010-09-01 21:33:53','2010-09-01 21:33:53'),
	(62,'','sdf',0,2,'group_topic',22,'2010-09-01 21:51:48','2010-09-01 21:51:48'),
	(63,'','qwe',0,2,'group_topic',22,'2010-09-01 21:51:58','2010-09-01 21:51:58'),
	(64,'','d',0,2,'group_topic',22,'2010-09-01 21:51:59','2010-09-01 21:51:59'),
	(65,'','sd',0,2,'group_topic',22,'2010-09-01 21:52:56','2010-09-01 21:52:56'),
	(66,'','dsf',0,2,'group_topic',22,'2010-09-01 21:53:00','2010-09-01 21:53:00'),
	(67,'','qwe',0,2,'group_topic',22,'2010-09-01 21:53:02','2010-09-01 21:53:02'),
	(68,'','不是阿',0,2,'group_topic',22,'2010-09-01 21:53:08','2010-09-01 21:53:08'),
	(69,'','df',0,2,'group_topic',22,'2010-09-01 21:55:48','2010-09-01 21:55:48'),
	(70,'','qwe',0,2,'group_topic',22,'2010-09-01 21:55:51','2010-09-01 21:55:51'),
	(71,'','d',0,2,'group_topic',22,'2010-09-01 22:02:05','2010-09-01 22:02:05'),
	(72,'','asd',0,2,'group_topic',22,'2010-09-01 22:03:11','2010-09-01 22:03:11'),
	(73,'','sad',0,2,'group_topic',22,'2010-09-01 22:05:01','2010-09-01 22:05:01'),
	(74,'','asdwq',0,2,'group_topic',22,'2010-09-01 22:05:03','2010-09-01 22:05:03'),
	(75,'','qwe',0,2,'group_topic',22,'2010-09-01 22:05:05','2010-09-01 22:05:05'),
	(76,'','dqw',0,2,'group_topic',22,'2010-09-01 22:05:06','2010-09-01 22:05:06'),
	(77,'','adf',0,2,'group_topic',22,'2010-09-01 22:05:15','2010-09-01 22:05:15'),
	(78,'','asdqwdqwdasd',0,2,'group_topic',22,'2010-09-01 22:05:17','2010-09-01 22:05:17'),
	(79,'','qwe',0,2,'group_topic',22,'2010-09-01 22:05:19','2010-09-01 22:05:19'),
	(80,'','sad',0,2,'group_topic',22,'2010-09-01 22:05:20','2010-09-01 22:05:20'),
	(81,'','qwe',0,2,'group_topic',22,'2010-09-01 22:05:21','2010-09-01 22:05:21'),
	(82,'','we',0,2,'group_topic',22,'2010-09-01 22:05:22','2010-09-01 22:05:22'),
	(83,'','ds',0,2,'group_topic',22,'2010-09-01 22:05:23','2010-09-01 22:05:23'),
	(84,'','qwe',0,2,'group_topic',22,'2010-09-01 22:05:24','2010-09-01 22:05:24'),
	(85,'','sad',0,2,'group_topic',22,'2010-09-01 22:05:32','2010-09-01 22:05:32'),
	(86,'','sd',0,2,'group_topic',22,'2010-09-01 22:05:34','2010-09-01 22:05:34'),
	(87,'','qwe',0,2,'group_topic',22,'2010-09-01 22:05:35','2010-09-01 22:05:35'),
	(88,'','a',0,2,'group_topic',22,'2010-09-01 22:05:36','2010-09-01 22:05:36'),
	(89,'','sdf',0,2,'group_topic',22,'2010-09-01 22:07:45','2010-09-01 22:07:45'),
	(90,'','方式',0,2,'group_topic',21,'2010-09-01 22:32:27','2010-09-01 22:32:27'),
	(91,'','威尔',0,2,'group_topic',21,'2010-09-01 22:32:29','2010-09-01 22:32:29'),
	(92,'','阿斯顿',0,2,'group_topic',22,'2010-09-01 22:32:56','2010-09-01 22:32:56'),
	(93,'','fd',0,2,'group_topic',22,'2010-09-01 22:38:05','2010-09-01 22:38:05'),
	(94,'','fd',0,2,'group_topic',21,'2010-09-01 22:38:08','2010-09-01 22:38:08'),
	(95,'','asfd',0,2,'group_topic',21,'2010-09-01 22:38:12','2010-09-01 22:38:12'),
	(96,'','er',0,2,'group_topic',21,'2010-09-01 22:38:15','2010-09-01 22:38:15'),
	(97,'','单反',0,2,'group_topic',22,'2010-09-01 22:39:03','2010-09-01 22:39:03'),
	(98,'','辅导书',0,2,'group_topic',21,'2010-09-01 22:39:07','2010-09-01 22:39:07'),
	(99,'','ads',0,2,'group_topic',21,'2010-09-01 22:50:35','2010-09-01 22:50:35'),
	(100,'','asd',0,2,'group_topic',21,'2010-09-01 22:50:45','2010-09-01 22:50:45'),
	(101,'','都',0,2,'group_topic',17,'2010-09-01 23:00:57','2010-09-01 23:00:57'),
	(102,'','下次',0,2,'group_topic',16,'2010-09-01 23:03:30','2010-09-01 23:03:30'),
	(103,'','阿道夫',0,2,'group_topic',22,'2010-09-01 23:10:24','2010-09-01 23:10:24'),
	(104,'','士大夫',0,2,'group_topic',22,'2010-09-01 23:21:15','2010-09-01 23:21:15'),
	(105,'','s',0,2,'group_topic',22,'2010-09-01 23:31:29','2010-09-01 23:31:29'),
	(106,'','f',0,2,'group_topic',21,'2010-09-01 23:44:30','2010-09-01 23:44:30'),
	(107,'','qwe asd',0,2,'group_topic',21,'2010-09-01 23:44:34','2010-09-01 23:44:34'),
	(108,'','asd',0,2,'group_topic',21,'2010-09-01 23:44:36','2010-09-01 23:44:36'),
	(109,'','sdf',0,2,'group_topic',22,'2010-09-01 23:44:47','2010-09-01 23:44:47'),
	(110,'','sfd',0,2,'group_topic',17,'2010-09-01 23:44:51','2010-09-01 23:44:51'),
	(111,'','dfs',0,2,'group_topic',17,'2010-09-01 23:44:54','2010-09-01 23:44:54'),
	(112,'','sdf',0,2,'group_topic',22,'2010-09-01 23:45:08','2010-09-01 23:45:08'),
	(113,'','sdf',0,2,'group_topic',22,'2010-09-01 23:45:10','2010-09-01 23:45:10'),
	(114,'','sdf',0,2,'group_topic',21,'2010-09-01 23:45:12','2010-09-01 23:45:12'),
	(115,'','ads f',0,2,'group_topic',21,'2010-09-01 23:45:14','2010-09-01 23:45:14'),
	(116,'','asdfsdf',0,2,'group_topic',21,'2010-09-01 23:45:22','2010-09-01 23:45:22'),
	(117,'','aaa',0,2,'group_topic',17,'2010-09-01 23:48:26','2010-09-01 23:48:26'),
	(118,'','dads',0,2,'group_topic',17,'2010-09-01 23:48:29','2010-09-01 23:48:29'),
	(119,'','xcxxczxcxcxcz',0,2,'group_topic',17,'2010-09-01 23:48:35','2010-09-01 23:48:35'),
	(120,'','自适应阿',0,2,'group_topic',22,'2010-09-01 23:48:59','2010-09-01 23:48:59'),
	(121,'','有问题',0,2,'group_topic',17,'2010-09-01 23:49:05','2010-09-01 23:49:05'),
	(122,'','悲哀阿',0,2,'group_topic',15,'2010-09-01 23:50:12','2010-09-01 23:50:12'),
	(123,'','?????',0,2,'group_topic',15,'2010-09-01 23:50:18','2010-09-01 23:50:18'),
	(124,'','dsf',0,2,'group_topic',22,'2010-09-01 23:50:25','2010-09-01 23:50:25'),
	(125,'','awe',0,2,'group_topic',21,'2010-09-01 23:50:31','2010-09-01 23:50:31'),
	(126,'','a',0,2,'group_topic',21,'2010-09-01 23:50:39','2010-09-01 23:50:39'),
	(127,'','a',0,2,'group_topic',21,'2010-09-01 23:50:41','2010-09-01 23:50:41'),
	(128,'','a',0,2,'group_topic',21,'2010-09-01 23:50:43','2010-09-01 23:50:43'),
	(129,'','a',0,2,'group_topic',21,'2010-09-01 23:50:45','2010-09-01 23:50:45'),
	(130,'','a',0,2,'group_topic',21,'2010-09-01 23:50:47','2010-09-01 23:50:47'),
	(131,'','cvv',0,2,'group_topic',21,'2010-09-01 23:50:49','2010-09-01 23:50:49'),
	(132,'','werr',0,2,'group_topic',21,'2010-09-01 23:50:51','2010-09-01 23:50:51'),
	(133,'','afdsf',0,2,'group_topic',21,'2010-09-01 23:50:52','2010-09-01 23:50:52'),
	(134,'','asfd',0,2,'group_topic',17,'2010-09-01 23:50:58','2010-09-01 23:50:58'),
	(135,'','adf',0,2,'group_topic',21,'2010-09-01 23:51:01','2010-09-01 23:51:01'),
	(136,'','sdf',0,2,'group_topic',21,'2010-09-01 23:51:04','2010-09-01 23:51:04'),
	(137,'','sad',0,2,'group_topic',17,'2010-09-01 23:51:20','2010-09-01 23:51:20'),
	(138,'','asd',0,2,'group_topic',17,'2010-09-01 23:51:22','2010-09-01 23:51:22'),
	(139,'','asd',0,2,'group_topic',17,'2010-09-01 23:51:24','2010-09-01 23:51:24'),
	(140,'','qwe',0,2,'group_topic',17,'2010-09-01 23:51:25','2010-09-01 23:51:25'),
	(141,'','sad',0,2,'group_topic',15,'2010-09-01 23:51:35','2010-09-01 23:51:35'),
	(142,'','asdasdds',0,2,'group_topic',15,'2010-09-01 23:51:37','2010-09-01 23:51:37'),
	(143,'','qweasd',0,2,'group_topic',15,'2010-09-01 23:51:40','2010-09-01 23:51:40'),
	(144,'','asd',0,2,'group_topic',17,'2010-09-01 23:51:44','2010-09-01 23:51:44'),
	(145,'','asd',0,2,'group_topic',22,'2010-09-01 23:51:50','2010-09-01 23:51:50'),
	(146,'','asd',0,2,'group_topic',22,'2010-09-01 23:51:59','2010-09-01 23:51:59'),
	(147,'','哈哈',0,2,'group_topic',22,'2010-09-01 23:52:34','2010-09-01 23:52:34'),
	(148,'','也不是',0,2,'group_topic',21,'2010-09-01 23:54:19','2010-09-01 23:54:19'),
	(149,'','怎么了？',0,2,'group_topic',21,'2010-09-01 23:54:26','2010-09-01 23:54:26'),
	(150,'','妈妈',0,2,'group_topic',21,'2010-09-02 00:08:49','2010-09-02 00:08:49'),
	(151,'','发送到',0,2,'group_topic',22,'2010-09-02 00:18:56','2010-09-02 00:18:56'),
	(152,'','士大夫',0,2,'group_topic',21,'2010-09-02 00:19:11','2010-09-02 00:19:11'),
	(153,'','士大夫',0,2,'group_topic',16,'2010-09-02 00:19:53','2010-09-02 00:19:53'),
	(154,'','好啦',0,2,'group_topic',14,'2010-09-02 00:21:41','2010-09-02 00:21:41'),
	(155,'','da',0,2,'group_topic',14,'2010-09-02 00:21:44','2010-09-02 00:21:44'),
	(156,'','sdf',0,2,'group_topic',14,'2010-09-02 00:21:46','2010-09-02 00:21:46'),
	(157,'','sd',0,2,'group_topic',14,'2010-09-02 00:21:50','2010-09-02 00:21:50'),
	(158,'','sdf',0,2,'group_topic',13,'2010-09-02 00:21:53','2010-09-02 00:21:53'),
	(159,'','sdf',0,2,'group_topic',21,'2010-09-02 00:21:57','2010-09-02 00:21:57'),
	(160,'','sdf',0,2,'group_topic',21,'2010-09-02 00:21:59','2010-09-02 00:21:59'),
	(161,'','sdf',0,2,'group_topic',16,'2010-09-02 00:22:02','2010-09-02 00:22:02'),
	(162,'','fwe',0,2,'group_topic',16,'2010-09-02 00:22:04','2010-09-02 00:22:04'),
	(163,'','asd',0,2,'group_topic',13,'2010-09-02 00:22:20','2010-09-02 00:22:20'),
	(164,'','asfasd',0,2,'group_topic',13,'2010-09-02 00:22:22','2010-09-02 00:22:22'),
	(165,'','qwe',0,2,'group_topic',13,'2010-09-02 00:22:24','2010-09-02 00:22:24'),
	(166,'','asdasd',0,2,'group_topic',13,'2010-09-02 00:22:26','2010-09-02 00:22:26'),
	(167,'','sda',0,2,'group_topic',13,'2010-09-02 00:22:29','2010-09-02 00:22:29'),
	(168,'','万恶',0,2,'group_topic',22,'2010-09-02 00:22:46','2010-09-02 00:22:46'),
	(169,'','温柔',0,2,'group_topic',21,'2010-09-02 00:22:50','2010-09-02 00:22:50'),
	(170,'','阿',0,2,'group_topic',17,'2010-09-02 00:22:52','2010-09-02 00:22:52'),
	(171,'','第三方',0,2,'group_topic',10,'2010-09-02 00:22:57','2010-09-02 00:22:57'),
	(172,'','士大夫',0,2,'group_topic',10,'2010-09-02 00:22:59','2010-09-02 00:22:59'),
	(173,'','第三方',0,2,'group_topic',14,'2010-09-02 00:23:03','2010-09-02 00:23:03'),
	(174,'','什么？',0,2,'group_topic',13,'2010-09-02 00:23:07','2010-09-02 00:23:07'),
	(175,'','我',0,2,'group_topic',10,'2010-09-02 00:23:30','2010-09-02 00:23:30'),
	(176,'','第三方',0,2,'group_topic',17,'2010-09-02 00:23:38','2010-09-02 00:23:38'),
	(177,'','威尔',0,2,'group_topic',17,'2010-09-02 00:23:39','2010-09-02 00:23:39'),
	(178,'','士大夫',0,2,'group_topic',16,'2010-09-02 00:23:43','2010-09-02 00:23:43'),
	(179,'','万恶',0,2,'group_topic',10,'2010-09-02 00:24:41','2010-09-02 00:24:41'),
	(180,'','日期',0,2,'group_topic',13,'2010-09-02 00:24:44','2010-09-02 00:24:44'),
	(181,'','无穷大',0,2,'group_topic',14,'2010-09-02 00:25:19','2010-09-02 00:25:19'),
	(182,'','是',0,2,'group_topic',24,'2010-09-02 00:25:56','2010-09-02 00:25:56'),
	(183,'','覆盖',0,2,'group_topic',17,'2010-09-02 00:28:29','2010-09-02 00:28:29'),
	(184,'','我俄方',0,2,'group_topic',17,'2010-09-02 00:29:08','2010-09-02 00:29:08'),
	(185,'','发巍峨',0,2,'group_topic',17,'2010-09-02 00:29:24','2010-09-02 00:29:24'),
	(186,'','few',0,2,'group_topic',21,'2010-09-02 00:30:14','2010-09-02 00:30:14'),
	(187,'','怎么惠是',0,2,'group_topic',26,'2010-09-02 00:33:14','2010-09-02 00:33:14'),
	(188,'','呀～',0,2,'group_topic',24,'2010-09-02 01:35:21','2010-09-02 01:35:21'),
	(189,'','我',0,2,'group_topic',24,'2010-09-02 11:30:57','2010-09-02 11:30:57'),
	(190,'','什么鬼阿？',0,2,'group_topic',22,'2010-09-02 13:18:14','2010-09-02 13:18:14'),
	(191,'','',0,2,'group_topic',21,'2010-09-02 13:37:49','2010-09-02 13:37:49'),
	(192,'','aa',0,2,'group_topic',21,'2010-09-02 13:38:35','2010-09-02 13:38:35'),
	(193,'','',0,2,'group_topic',21,'2010-09-02 13:38:38','2010-09-02 13:38:38'),
	(194,'','',0,2,'group_topic',21,'2010-09-02 13:38:41','2010-09-02 13:38:41'),
	(195,'','我俄方 万恶我俄方 万恶我俄方 万恶我俄方 万恶我俄方 万恶我俄方 万恶我俄方 万恶我俄方 万恶我俄方 万恶我俄方 万恶我俄方 万恶',0,2,'group_topic',24,'2010-09-02 13:38:51','2010-09-02 13:38:51'),
	(196,'','dadfasfsfd dadfasfsfd dadfasfsfd dadfasfsfd dadfasfsfd dadfasfsfd dadfasfsfd',0,2,'group_topic',21,'2010-09-02 13:47:30','2010-09-02 13:47:30'),
	(197,'','咩事阿',0,2,'group_topic',24,'2010-09-02 13:50:24','2010-09-02 13:50:24'),
	(198,'','干净利落',0,2,'group_topic',24,'2010-09-02 13:50:55','2010-09-02 13:50:55'),
	(199,'','哈哈',0,30,'group_topic',24,'2010-09-02 13:51:20','2010-09-02 13:51:20'),
	(200,'','留言而已，换个帐号留言',0,30,'group_topic',24,'2010-09-02 13:51:31','2010-09-02 13:51:31'),
	(201,'','贱人',0,30,'group_topic',21,'2010-09-02 14:13:21','2010-09-02 14:13:21'),
	(202,'','则呢没？',0,2,'group_topic',24,'2010-09-02 19:56:18','2010-09-02 19:56:18'),
	(203,'','哈哈',0,2,'group_topic',24,'2010-09-02 19:59:34','2010-09-02 19:59:34'),
	(204,'','嘿嘿',0,2,'group_topic',22,'2010-09-02 20:23:32','2010-09-02 20:23:32'),
	(205,'','尝试阿尝试阿尝试阿尝试阿尝试阿尝试阿尝试阿尝试阿尝试阿尝试阿尝试阿尝试阿尝试阿尝试阿尝试阿尝试阿尝试阿尝试阿尝试阿尝试阿尝试阿尝试阿尝试阿尝试阿尝试阿尝试阿尝试阿尝试阿尝试阿尝试阿尝试阿尝试阿尝试阿尝试阿尝试阿尝试阿尝试阿尝试阿尝试阿尝试阿尝试阿尝试阿尝试阿尝试阿尝试阿尝试阿尝试',0,2,'group_topic',22,'2010-09-02 20:26:56','2010-09-02 20:26:56'),
	(206,'','asdad',0,2,'group_topic',27,'2010-09-02 20:36:41','2010-09-02 20:36:41'),
	(207,'','asdadasda',0,2,'group_topic',27,'2010-09-02 20:36:43','2010-09-02 20:36:43'),
	(208,'','asdadasda',0,2,'group_topic',27,'2010-09-02 20:36:44','2010-09-02 20:36:44'),
	(209,'','asdasd',0,2,'group_topic',27,'2010-09-02 20:36:47','2010-09-02 20:36:47'),
	(210,'','阿实打实的',0,2,'group_topic',27,'2010-09-02 20:37:08','2010-09-02 20:37:08'),
	(211,'','阿实打实的',0,2,'group_topic',27,'2010-09-02 20:37:08','2010-09-02 20:37:08'),
	(212,'','阿实打实的',0,2,'group_topic',27,'2010-09-02 20:37:09','2010-09-02 20:37:09'),
	(213,'','asd',0,2,'group_topic',27,'2010-09-02 20:37:59','2010-09-02 20:37:59'),
	(214,'','asdfwe',0,2,'group_topic',27,'2010-09-02 20:38:20','2010-09-02 20:38:20'),
	(215,'','qwd',0,2,'group_topic',27,'2010-09-02 20:52:50','2010-09-02 20:52:50'),
	(216,'','qqq',0,2,'group_topic',27,'2010-09-02 20:55:47','2010-09-02 20:55:47'),
	(217,'','asdqd',0,2,'group_topic',27,'2010-09-02 20:56:15','2010-09-02 20:56:15'),
	(218,'','asdasdsad',0,2,'group_topic',27,'2010-09-02 21:01:38','2010-09-02 21:01:38'),
	(219,'','妈妈的',0,2,'group_topic',27,'2010-09-02 21:01:47','2010-09-02 21:01:47'),
	(220,'','阿',0,2,'group_topic',27,'2010-09-02 21:02:40','2010-09-02 21:02:40'),
	(221,'','哇～',0,2,'group_topic',27,'2010-09-02 21:05:05','2010-09-02 21:05:05'),
	(222,'','哇嘎嘎',0,2,'group_topic',27,'2010-09-02 21:09:00','2010-09-02 21:09:00'),
	(223,'','哦',0,2,'group_topic',27,'2010-09-02 21:23:19','2010-09-02 21:23:19'),
	(224,'','什么？',0,2,'group_topic',27,'2010-09-02 21:23:30','2010-09-02 21:23:30'),
	(225,'','阿阿阿阿',0,2,'group_topic',22,'2010-09-02 21:23:38','2010-09-02 21:23:38'),
	(226,'','行了',0,2,'group_topic',27,'2010-09-02 21:24:04','2010-09-02 21:24:04'),
	(227,'','傻噶',0,2,'group_topic',27,'2010-09-02 21:24:16','2010-09-02 21:24:16'),
	(228,'','我',0,30,'group_topic',27,'2010-09-02 21:35:51','2010-09-02 21:35:51'),
	(229,'','我阿辅导书',0,30,'group_topic',27,'2010-09-02 21:37:48','2010-09-02 21:37:48'),
	(230,'','唔知哇',0,30,'group_topic',27,'2010-09-02 21:37:56','2010-09-02 21:37:56'),
	(231,'','sad',0,30,'group_topic',27,'2010-09-02 21:39:16','2010-09-02 21:39:16'),
	(232,'','可以吗',0,30,'group_topic',27,'2010-09-02 21:43:36','2010-09-02 21:43:36'),
	(233,'','5555',0,30,'group_topic',27,'2010-09-02 21:48:43','2010-09-02 21:48:43'),
	(234,'','baga',0,30,'group_topic',27,'2010-09-02 21:49:00','2010-09-02 21:49:00'),
	(235,'','哇',0,30,'group_topic',22,'2010-09-02 21:50:16','2010-09-02 21:50:16'),
	(236,'','尝试阿尝试阿尝试阿尝试阿尝试阿尝试阿尝试阿尝试阿尝试阿尝试阿尝试阿尝试阿尝试阿尝试阿尝试阿尝试阿尝试阿尝试阿尝试阿尝试阿尝试阿尝试阿尝试阿尝试阿尝试阿尝试阿尝试阿尝试阿尝试阿尝试阿尝试阿尝试阿尝试阿尝试阿尝试阿尝试阿尝试阿尝试阿尝试阿尝试阿尝试阿尝试阿尝试阿尝试阿尝试阿尝试阿尝试',0,30,'group_topic',22,'2010-09-02 21:50:52','2010-09-02 21:50:52'),
	(237,'','。。老师爱上大米了。怎么办',0,30,'group_topic',22,'2010-09-02 21:52:59','2010-09-02 21:52:59'),
	(238,'','咩咩',0,30,'group_topic',27,'2010-09-02 21:54:27','2010-09-02 21:54:27'),
	(239,'','羊咩咩',238,30,'group_topic',27,'2010-09-02 21:54:41','2010-09-02 22:01:37'),
	(240,'','哇',238,30,'group_topic',27,'2010-09-02 21:56:30','2010-09-02 22:01:42'),
	(241,'','哦',0,30,'group_topic',22,'2010-09-02 22:46:27','2010-09-02 22:46:27'),
	(242,'','........',0,30,'group_topic',27,'2010-09-02 22:47:50','2010-09-02 22:47:50'),
	(243,'','剩下的如何处理？',0,30,'group_topic',20,'2010-09-02 23:00:02','2010-09-02 23:00:02'),
	(244,'','妈妈咪呀',0,30,'group_topic',24,'2010-09-02 23:10:17','2010-09-02 23:10:17'),
	(245,'','sad',0,30,'group_topic',27,'2010-09-02 23:24:56','2010-09-02 23:24:56'),
	(246,'','adsa',0,30,'group_topic',27,'2010-09-02 23:25:11','2010-09-02 23:25:11'),
	(247,'','as',0,30,'group_topic',27,'2010-09-02 23:31:11','2010-09-02 23:31:11'),
	(248,'','a',0,30,'group_topic',27,'2010-09-02 23:32:50','2010-09-02 23:32:50'),
	(249,'','asdasdasd阿',0,30,'group_topic',27,'2010-09-02 23:34:21','2010-09-02 23:34:21'),
	(250,'','你还好吧',0,30,'group_topic',27,'2010-09-02 23:34:43','2010-09-02 23:34:43'),
	(251,'','oh my god',0,30,'group_topic',27,'2010-09-02 23:40:27','2010-09-02 23:40:27'),
	(252,'','55555555555555555555555555555555555555555555555555555555555555555555555555555555555555555555555555555555555555555555555555555555555555555555',0,30,'group_topic',21,'2010-09-02 23:43:36','2010-09-02 23:43:36'),
	(253,'','我无语我无语我无语我无语我无语我无语我无语我无语我无语我无语我无语我无语我无语我无语换行阿',0,30,'group_topic',21,'2010-09-02 23:43:57','2010-09-02 23:43:57'),
	(254,'','阿斯顿',0,30,'group_topic',27,'2010-09-02 23:46:18','2010-09-02 23:46:18'),
	(255,'','阿？',0,30,'group_topic',27,'2010-09-02 23:46:31','2010-09-02 23:46:31'),
	(256,'','开心',0,30,'group_topic',24,'2010-09-02 23:54:42','2010-09-02 23:54:42'),
	(257,'','mother fuck',0,2,'group_topic',24,'2010-09-03 11:11:39','2010-09-03 11:11:39'),
	(258,'','嘎嘎学',0,2,'group_topic',13,'2010-09-03 14:21:49','2010-09-03 14:21:49'),
	(259,'','评论书目不会增加',0,2,'group_topic',27,'2010-09-03 14:41:56','2010-09-03 14:41:56'),
	(260,'','哈哈笑',0,2,'group_topic',11,'2010-09-03 14:46:05','2010-09-03 14:46:05'),
	(261,'','asd',0,2,'group_topic',27,'2010-09-03 15:08:05','2010-09-03 15:08:05'),
	(262,'','qqq',0,2,'group_topic',27,'2010-09-03 15:08:09','2010-09-03 15:08:09'),
	(263,'','qqsqq',0,2,'group_topic',27,'2010-09-03 15:08:17','2010-09-03 15:08:17'),
	(264,'','as',0,2,'group_topic',27,'2010-09-03 15:09:58','2010-09-03 15:09:58'),
	(265,'','貌似正常',0,2,'group_topic',27,'2010-09-03 15:10:04','2010-09-03 15:10:04'),
	(266,'','哈哈',0,2,'group_topic',28,'2010-09-03 15:10:17','2010-09-03 15:10:17'),
	(267,'','亲戚',0,2,'group_topic',28,'2010-09-03 15:10:44','2010-09-03 15:10:44'),
	(268,'','千万',0,2,'group_topic',28,'2010-09-03 15:11:00','2010-09-03 15:11:00'),
	(269,'','抢夺物',0,2,'group_topic',28,'2010-09-03 15:11:30','2010-09-03 15:11:30'),
	(270,'','吧',0,2,'group_topic',28,'2010-09-03 15:11:55','2010-09-03 15:11:55'),
	(271,'','饿翁',0,2,'group_topic',28,'2010-09-03 15:11:59','2010-09-03 15:11:59'),
	(272,'','层叠回复尝试',271,2,'group_topic',28,'2010-09-03 15:12:39','2010-09-03 15:12:39'),
	(273,'','成功咯。hoho',272,2,'group_topic',28,'2010-09-03 15:12:44','2010-09-03 15:12:44'),
	(274,'','蜿蜒',273,2,'group_topic',28,'2010-09-03 15:13:04','2010-09-03 15:13:04'),
	(275,'','哈哈。',272,2,'group_topic',28,'2010-09-03 15:19:28','2010-09-03 15:19:28'),
	(276,'','哈你条命阿',275,2,'group_topic',28,'2010-09-03 15:19:35','2010-09-03 15:19:35'),
	(277,'','啥鸡巴',274,2,'group_topic',28,'2010-09-03 15:19:49','2010-09-03 15:19:49'),
	(278,'','巴闭',277,2,'group_topic',28,'2010-09-03 15:20:51','2010-09-03 15:20:51'),
	(279,'','玛雅',278,2,'group_topic',28,'2010-09-03 15:22:06','2010-09-03 15:22:06'),
	(280,'','saf',274,2,'group_topic',28,'2010-09-03 15:23:08','2010-09-03 15:23:08'),
	(281,'','we',279,2,'group_topic',28,'2010-09-03 15:23:13','2010-09-03 15:23:13'),
	(282,'','qwe',281,2,'group_topic',28,'2010-09-03 15:23:22','2010-09-03 15:23:22'),
	(283,'','I believe',282,2,'group_topic',28,'2010-09-03 15:23:44','2010-09-03 15:23:44'),
	(284,'','相信你正在懂',283,2,'group_topic',28,'2010-09-03 15:24:03','2010-09-03 15:24:03'),
	(285,'','阿斯',272,2,'group_topic',28,'2010-09-03 15:24:53','2010-09-03 15:24:53'),
	(286,'','有了皱纹',285,2,'group_topic',28,'2010-09-03 17:41:59','2010-09-03 17:41:59'),
	(287,'','琴',0,2,'group_topic',28,'2010-09-03 17:42:36','2010-09-03 17:42:36'),
	(288,'','地方',0,2,'group_topic',28,'2010-09-03 17:43:26','2010-09-03 17:43:26'),
	(289,'','在',0,2,'group_topic',28,'2010-09-03 17:47:43','2010-09-03 17:47:43'),
	(290,'','成功！',0,2,'group_topic',28,'2010-09-03 17:47:47','2010-09-03 17:47:47'),
	(291,'','哈哈哈random ajax~',0,2,'group_topic',28,'2010-09-03 17:47:57','2010-09-03 17:47:57'),
	(292,'','确实不错',0,32,'group_topic',28,'2010-09-03 17:50:25','2010-09-03 17:50:25'),
	(293,'','怎么了？',292,32,'group_topic',28,'2010-09-03 17:50:30','2010-09-03 17:50:30'),
	(294,'','滾！！！',293,32,'group_topic',28,'2010-09-03 17:51:28','2010-09-03 17:51:28'),
	(295,'','哈哈哈',0,32,'group_topic',28,'2010-09-03 17:55:03','2010-09-03 17:55:03'),
	(296,'','怎么了？',295,32,'group_topic',28,'2010-09-03 17:55:09','2010-09-03 17:55:09'),
	(297,'','我就怎么知道！',296,32,'group_topic',28,'2010-09-03 17:55:18','2010-09-03 17:55:18'),
	(298,'','你丫不行啊',0,2,'group_topic',27,'2010-09-03 17:57:01','2010-09-03 17:57:01'),
	(299,'','不给力啊',0,2,'group_topic',27,'2010-09-03 17:57:06','2010-09-03 17:57:06'),
	(300,'','不给里啊',0,2,'group_topic',27,'2010-09-03 17:57:19','2010-09-03 17:57:19'),
	(301,'','a',0,32,'group_topic',28,'2010-09-03 18:00:44','2010-09-03 18:00:44'),
	(302,'','qwdqwd',0,32,'group_topic',28,'2010-09-03 18:00:48','2010-09-03 18:00:48'),
	(303,'','qwdqwd',0,32,'group_topic',28,'2010-09-03 18:00:48','2010-09-03 18:00:48'),
	(304,'','as',0,32,'group_topic',28,'2010-09-03 18:00:51','2010-09-03 18:00:51'),
	(305,'','zxc',0,32,'group_topic',28,'2010-09-03 18:00:53','2010-09-03 18:00:53'),
	(306,'','qqq',0,32,'group_topic',28,'2010-09-03 18:00:56','2010-09-03 18:00:56'),
	(307,'','qq',0,32,'group_topic',28,'2010-09-03 18:00:59','2010-09-03 18:00:59'),
	(308,'','11',0,32,'group_topic',28,'2010-09-03 18:01:02','2010-09-03 18:01:02'),
	(309,'','岸边',0,2,'group_topic',28,'2010-09-03 18:01:31','2010-09-03 18:01:31'),
	(310,'','请问',0,2,'group_topic',28,'2010-09-03 18:01:34','2010-09-03 18:01:34'),
	(311,'','阿',0,2,'group_topic',28,'2010-09-03 18:01:41','2010-09-03 18:01:41'),
	(312,'','请问',0,2,'group_topic',28,'2010-09-03 18:01:44','2010-09-03 18:01:44'),
	(313,'','防止重复发送，连击',0,2,'group_topic',28,'2010-09-03 18:01:54','2010-09-03 18:01:54'),
	(314,'','防止',0,32,'group_topic',28,'2010-09-03 18:02:02','2010-09-03 18:02:02'),
	(315,'','可以吧',0,32,'group_topic',28,'2010-09-03 18:03:22','2010-09-03 18:03:22'),
	(316,'','可以',0,2,'group_topic',28,'2010-09-03 18:03:35','2010-09-03 18:03:35'),
	(317,'','Lady Gaga 你',0,32,'group_topic',28,'2010-09-03 18:06:58','2010-09-03 18:06:58'),
	(318,'','回复你拉',317,2,'group_topic',28,'2010-09-03 18:43:41','2010-09-03 18:43:41'),
	(319,'','阿斯顿',318,2,'group_topic',28,'2010-09-03 18:44:09','2010-09-03 18:44:09'),
	(320,'','阿大千万',319,2,'group_topic',28,'2010-09-03 18:44:15','2010-09-03 18:44:15'),
	(321,'','sf',320,32,'group_topic',28,'2010-09-03 18:44:24','2010-09-03 18:44:24'),
	(322,'','不给力阿',300,32,'group_topic',27,'2010-09-03 18:50:26','2010-09-03 18:50:26'),
	(323,'','哈哈',322,32,'group_topic',27,'2010-09-03 18:50:31','2010-09-03 18:50:31'),
	(324,'','怎么了！！',323,32,'group_topic',27,'2010-09-03 18:50:38','2010-09-03 18:50:38'),
	(325,'','没你的事，退下吧',324,32,'group_topic',27,'2010-09-03 18:50:44','2010-09-03 18:50:44'),
	(326,'','这留言哎',325,32,'group_topic',27,'2010-09-03 18:50:51','2010-09-03 18:50:51'),
	(327,'','很爽',325,32,'group_topic',27,'2010-09-03 18:50:55','2010-09-03 18:50:55'),
	(328,'','asd',0,32,'group_topic',28,'2010-09-03 18:55:03','2010-09-03 18:55:03'),
	(329,'','可以吧',0,32,'group_topic',29,'2010-09-03 18:55:49','2010-09-03 18:55:49'),
	(330,'','我看行',0,32,'group_topic',29,'2010-09-03 18:55:55','2010-09-03 18:55:55'),
	(331,'','我看也行',330,32,'group_topic',29,'2010-09-03 18:56:34','2010-09-03 18:56:34'),
	(332,'','我恨你',330,32,'group_topic',29,'2010-09-03 19:09:45','2010-09-03 19:09:45'),
	(333,'','我也是',332,32,'group_topic',29,'2010-09-03 19:09:50','2010-09-03 19:09:50'),
	(334,'','如果留言很长？如果留言很长？如果留言很长？如果留言很长？如果留言很长？如果留言很长？如果留言很长？如果留言很长？',0,32,'group_topic',29,'2010-09-03 19:10:59','2010-09-03 19:10:59'),
	(335,'','哦？',0,32,'group_topic',29,'2010-09-03 19:12:01','2010-09-03 19:12:01'),
	(336,'','哼',333,32,'group_topic',29,'2010-09-03 19:14:12','2010-09-03 19:14:12'),
	(337,'','我看不行',329,32,'group_topic',29,'2010-09-03 19:14:19','2010-09-03 19:14:19'),
	(338,'','囧。。。',337,32,'group_topic',29,'2010-09-03 19:14:28','2010-09-03 19:14:28'),
	(339,'','则呢没？',338,32,'group_topic',29,'2010-09-03 19:14:50','2010-09-03 19:14:50'),
	(340,'','哇哈哈',339,32,'group_topic',29,'2010-09-03 19:15:11','2010-09-03 19:15:11'),
	(341,'','as',328,32,'group_topic',28,'2010-09-03 19:18:21','2010-09-03 19:18:21'),
	(342,'','asdf',335,32,'group_topic',29,'2010-09-03 19:19:35','2010-09-03 19:19:35'),
	(343,'','wef',339,32,'group_topic',29,'2010-09-03 19:19:39','2010-09-03 19:19:39'),
	(344,'','sdfsaf',343,32,'group_topic',29,'2010-09-03 19:19:49','2010-09-03 19:19:49'),
	(345,'','哈哈',340,32,'group_topic',29,'2010-09-03 19:19:59','2010-09-03 19:19:59'),
	(346,'','阿服务',330,32,'group_topic',29,'2010-09-03 19:20:04','2010-09-03 19:20:04'),
	(347,'','发巍峨',346,32,'group_topic',29,'2010-09-03 19:20:08','2010-09-03 19:20:08'),
	(348,'','万恶',347,32,'group_topic',29,'2010-09-03 19:20:16','2010-09-03 19:20:16'),
	(349,'','发巍峨',347,32,'group_topic',29,'2010-09-03 19:20:18','2010-09-03 19:20:18'),
	(350,'','我俄方',348,32,'group_topic',29,'2010-09-03 19:20:28','2010-09-03 19:20:28'),
	(351,'','翻',350,32,'group_topic',29,'2010-09-03 19:20:32','2010-09-03 19:20:32'),
	(352,'','份额',351,32,'group_topic',29,'2010-09-03 19:20:36','2010-09-03 19:20:36'),
	(353,'','我俄方',351,32,'group_topic',29,'2010-09-03 19:20:38','2010-09-03 19:20:38'),
	(354,'','发巍峨',345,32,'group_topic',29,'2010-09-03 19:20:43','2010-09-03 19:20:43'),
	(355,'','我俄方',354,32,'group_topic',29,'2010-09-03 19:20:51','2010-09-03 19:20:51'),
	(356,'','勇敢',343,32,'group_topic',29,'2010-09-03 19:20:58','2010-09-03 19:20:58'),
	(357,'','勇敢',343,32,'group_topic',29,'2010-09-03 19:21:02','2010-09-03 19:21:02'),
	(358,'','总是情',334,32,'group_topic',29,'2010-09-03 19:22:28','2010-09-03 19:22:28'),
	(359,'','发饿拧',336,32,'group_topic',29,'2010-09-03 19:22:35','2010-09-03 19:22:35'),
	(360,'','等',330,32,'group_topic',29,'2010-09-03 19:22:49','2010-09-03 19:22:49'),
	(361,'','阿',352,32,'group_topic',29,'2010-09-03 19:22:56','2010-09-03 19:22:56'),
	(362,'','我',337,32,'group_topic',29,'2010-09-03 19:23:00','2010-09-03 19:23:00'),
	(363,'','万恶',344,32,'group_topic',29,'2010-09-03 19:23:13','2010-09-03 19:23:13'),
	(364,'','adf',0,32,'group_topic',29,'2010-09-03 19:24:21','2010-09-03 19:24:21'),
	(365,'','we',364,32,'group_topic',29,'2010-09-03 19:24:33','2010-09-03 19:24:33'),
	(366,'','we',329,32,'group_topic',29,'2010-09-03 19:24:37','2010-09-03 19:24:37'),
	(367,'','嘻嘻',366,32,'group_topic',29,'2010-09-03 19:24:43','2010-09-03 19:24:43'),
	(368,'','次',361,32,'group_topic',29,'2010-09-03 19:24:52','2010-09-03 19:24:52'),
	(369,'','我',368,32,'group_topic',29,'2010-09-03 19:24:55','2010-09-03 19:24:55'),
	(370,'','万恶',353,32,'group_topic',29,'2010-09-03 19:24:59','2010-09-03 19:24:59'),
	(371,'','我',329,32,'group_topic',29,'2010-09-03 19:25:04','2010-09-03 19:25:04'),
	(372,'','万恶',359,32,'group_topic',29,'2010-09-03 19:25:10','2010-09-03 19:25:10'),
	(373,'','千万',338,32,'group_topic',29,'2010-09-03 19:25:16','2010-09-03 19:25:16'),
	(374,'','scrollTop',295,32,'group_topic',28,'2010-09-03 19:31:24','2010-09-03 19:31:24'),
	(375,'','success',374,32,'group_topic',28,'2010-09-03 19:31:30','2010-09-03 19:31:30'),
	(376,'','haha',267,32,'group_topic',28,'2010-09-03 19:31:33','2010-09-03 19:31:33'),
	(377,'','haha',266,32,'group_topic',28,'2010-09-03 19:31:41','2010-09-03 19:31:41'),
	(378,'','w',328,32,'group_topic',28,'2010-09-03 19:32:06','2010-09-03 19:32:06'),
	(379,'','q',377,32,'group_topic',28,'2010-09-03 19:32:13','2010-09-03 19:32:13'),
	(380,'','sdf',379,32,'group_topic',28,'2010-09-03 19:32:19','2010-09-03 19:32:19'),
	(381,'','yo',199,32,'group_topic',24,'2010-09-03 19:33:28','2010-09-03 19:33:28'),
	(382,'','w',381,32,'group_topic',24,'2010-09-03 19:33:34','2010-09-03 19:33:34'),
	(383,'','af',198,32,'group_topic',24,'2010-09-03 19:33:39','2010-09-03 19:33:39'),
	(384,'','werwr qw',182,32,'group_topic',24,'2010-09-03 19:33:43','2010-09-03 19:33:43'),
	(385,'','qw',182,32,'group_topic',24,'2010-09-03 19:34:05','2010-09-03 19:34:05'),
	(386,'','正常',90,32,'group_topic',21,'2010-09-03 19:34:23','2010-09-03 19:34:23'),
	(387,'','不正常',90,32,'group_topic',21,'2010-09-03 19:34:27','2010-09-03 19:34:27'),
	(388,'','正常',90,32,'group_topic',21,'2010-09-03 19:34:52','2010-09-03 19:34:52'),
	(389,'','ad',90,32,'group_topic',21,'2010-09-03 19:35:02','2010-09-03 19:35:02'),
	(390,'','asd',90,32,'group_topic',21,'2010-09-03 19:35:05','2010-09-03 19:35:05'),
	(391,'','s',358,32,'group_topic',29,'2010-09-03 19:36:53','2010-09-03 19:36:53'),
	(392,'','frwewer',307,32,'group_topic',28,'2010-09-03 19:37:31','2010-09-03 19:37:31'),
	(393,'','wqwe',392,32,'group_topic',28,'2010-09-03 19:37:35','2010-09-03 19:37:35'),
	(394,'','qwewqe',393,32,'group_topic',28,'2010-09-03 19:37:37','2010-09-03 19:37:37'),
	(395,'','qwewqe',393,32,'group_topic',28,'2010-09-03 19:37:37','2010-09-03 19:37:37'),
	(396,'','正常咯',394,32,'group_topic',28,'2010-09-03 19:37:43','2010-09-03 19:37:43'),
	(397,'','正常咯',394,32,'group_topic',28,'2010-09-03 19:37:43','2010-09-03 19:37:43'),
	(398,'','adf',206,32,'group_topic',27,'2010-09-03 19:38:14','2010-09-03 19:38:14'),
	(399,'','af',206,32,'group_topic',27,'2010-09-03 19:38:18','2010-09-03 19:38:18'),
	(400,'','afsfd',206,32,'group_topic',27,'2010-09-03 19:38:20','2010-09-03 19:38:20'),
	(401,'','哈哈',399,32,'group_topic',27,'2010-09-03 19:38:34','2010-09-03 19:38:34'),
	(402,'','哈哈',399,32,'group_topic',27,'2010-09-03 19:38:37','2010-09-03 19:38:37'),
	(403,'','werf',354,32,'group_topic',29,'2010-09-03 19:39:21','2010-09-03 19:39:21'),
	(404,'','fwef',384,32,'group_topic',24,'2010-09-03 19:39:34','2010-09-03 19:39:34'),
	(405,'','wer',55,32,'group_topic',22,'2010-09-03 19:39:46','2010-09-03 19:39:46'),
	(406,'','asdads',111,32,'group_topic',17,'2010-09-03 19:39:53','2010-09-03 19:39:53'),
	(407,'','qw',101,32,'group_topic',17,'2010-09-03 19:40:23','2010-09-03 19:40:23'),
	(408,'','wfwef',365,32,'group_topic',29,'2010-09-03 19:56:30','2010-09-03 19:56:30'),
	(409,'','无语',364,32,'group_topic',29,'2010-09-03 20:02:17','2010-09-03 20:02:17'),
	(410,'','怎么啦',358,32,'group_topic',29,'2010-09-03 20:04:23','2010-09-03 20:04:23'),
	(411,'','Die',213,32,'group_topic',27,'2010-09-03 20:31:49','2010-09-03 20:31:49'),
	(412,'','f',364,32,'group_topic',29,'2010-09-03 20:45:00','2010-09-03 20:45:00'),
	(413,'','行乐',364,32,'group_topic',29,'2010-09-03 20:45:04','2010-09-03 20:45:04'),
	(414,'','可以',413,32,'group_topic',29,'2010-09-03 20:45:11','2010-09-03 20:45:11'),
	(415,'','成功',0,32,'group_topic',29,'2010-09-03 20:56:39','2010-09-03 20:56:39'),
	(416,'','嘎嘎',0,32,'group_topic',29,'2010-09-03 21:06:40','2010-09-03 21:06:40'),
	(417,'','桌球',0,32,'group_topic',29,'2010-09-03 21:08:28','2010-09-03 21:08:28'),
	(418,'','行的\n阿斯顿',0,32,'group_topic',29,'2010-09-03 21:16:36','2010-09-03 21:16:36'),
	(419,'','asdfsdf\nqwewqe',0,32,'group_topic',29,'2010-09-03 21:19:22','2010-09-03 21:19:22'),
	(420,'','sadf\nsdfasd',0,32,'group_topic',29,'2010-09-03 21:20:51','2010-09-03 21:20:51'),
	(421,'','asdsad',0,32,'group_topic',29,'2010-09-03 21:21:39','2010-09-03 21:21:39'),
	(422,'','ass',0,32,'group_topic',29,'2010-09-03 21:24:09','2010-09-03 21:24:09'),
	(423,'','可以吗\n应该可以',0,32,'group_topic',29,'2010-09-03 21:25:09','2010-09-03 21:25:09'),
	(424,'','Le Gu Kali',423,32,'group_topic',29,'2010-09-03 21:25:35','2010-09-03 21:25:35'),
	(425,'','难得喔衰仔',189,32,'group_topic',24,'2010-09-03 22:03:48','2010-09-03 22:03:48'),
	(426,'','好',198,32,'group_topic',24,'2010-09-03 22:05:30','2010-09-03 22:05:30'),
	(427,'','好！',198,32,'group_topic',24,'2010-09-03 22:05:36','2010-09-03 22:05:36'),
	(428,'','come',273,32,'group_topic',28,'2010-09-03 22:19:46','2010-09-03 22:19:46'),
	(429,'','ko',307,32,'group_topic',28,'2010-09-03 22:19:54','2010-09-03 22:19:54'),
	(430,'','你的背包',423,2,'group_topic',29,'2010-09-04 13:01:08','2010-09-04 13:01:08'),
	(431,'','走得好缓慢',423,2,'group_topic',29,'2010-09-04 13:01:17','2010-09-04 13:01:17'),
	(432,'','背包',0,2,'group_topic',29,'2010-09-04 13:03:24','2010-09-04 13:03:24'),
	(433,'','asdf',0,2,'group_topic',29,'2010-09-04 14:55:17','2010-09-04 14:55:17'),
	(434,'','咩回事',433,2,'group_topic',29,'2010-09-04 16:06:14','2010-09-04 16:06:14'),
	(435,'','adijasd',0,2,'group_topic',28,'2010-09-04 16:55:38','2010-09-04 16:55:38'),
	(436,'','怎么了呢？',423,2,'group_topic',29,'2010-09-04 17:55:32','2010-09-04 17:55:32'),
	(437,'','飞翔',415,2,'group_topic',29,'2010-09-04 18:50:49','2010-09-04 18:50:49'),
	(438,'','foolish!',143,2,'group_topic',15,'2010-09-04 19:22:01','2010-09-04 19:22:01'),
	(439,'','asdfsdf',433,2,'group_topic',29,'2010-09-04 23:26:14','2010-09-04 23:26:14'),
	(440,'','哈哈。要延迟呢',433,2,'group_topic',29,'2010-09-04 23:26:22','2010-09-04 23:26:22'),
	(441,'','回车的正常',433,2,'group_topic',29,'2010-09-04 23:26:30','2010-09-04 23:26:30'),
	(442,'','向他发表回复',0,2,'group_topic',29,'2010-09-04 23:27:54','2010-09-04 23:27:54'),
	(443,'','向他发表回复',0,2,'group_topic',29,'2010-09-04 23:28:00','2010-09-04 23:28:01'),
	(444,'','asdf',0,2,'group_topic',29,'2010-09-04 23:32:50','2010-09-04 23:32:50'),
	(445,'','asdasd',444,2,'group_topic',29,'2010-09-04 23:32:59','2010-09-04 23:32:59'),
	(446,'','asdasd',415,2,'group_topic',29,'2010-09-04 23:33:03','2010-09-04 23:33:03'),
	(447,'','OOK!',446,2,'group_topic',29,'2010-09-04 23:33:09','2010-09-04 23:33:09'),
	(448,'','囧',0,2,'group_topic',24,'2010-09-04 23:35:16','2010-09-04 23:35:16'),
	(449,'','讨论组',444,2,'group_topic',29,'2010-09-04 23:37:06','2010-09-04 23:37:06'),
	(450,'','讨论下去',449,2,'group_topic',29,'2010-09-04 23:39:52','2010-09-04 23:39:52'),
	(451,'','哇咔咔？',449,2,'group_topic',29,'2010-09-04 23:45:21','2010-09-04 23:45:21'),
	(452,'','嘘寒问暖',0,2,'group_topic',29,'2010-09-04 23:46:02','2010-09-04 23:46:02'),
	(453,'','还行',329,2,'group_topic',29,'2010-09-04 23:52:25','2010-09-04 23:52:25'),
	(454,'','我看行',337,2,'group_topic',29,'2010-09-04 23:52:32','2010-09-04 23:52:32'),
	(455,'','妈哟',181,2,'group_topic',14,'2010-09-05 01:35:59','2010-09-05 01:35:59'),
	(456,'','八噶',173,2,'group_topic',14,'2010-09-05 01:36:08','2010-09-05 01:36:08'),
	(457,'','无地自容',0,32,'group_topic',29,'2010-09-07 13:56:27','2010-09-07 13:56:27'),
	(458,'','妖萨地方',0,2,'group_topic',29,'2010-09-08 01:27:19','2010-09-08 01:27:19'),
	(459,'','哇哈哈',458,2,'group_topic',29,'2010-09-08 01:38:28','2010-09-08 01:38:28'),
	(460,'','工作要求1： 裸体。',459,2,'group_topic',29,'2010-09-08 01:38:41','2010-09-08 01:38:41'),
	(461,'','怎么可以裸体呢',460,2,'group_topic',29,'2010-09-08 01:38:47','2010-09-08 01:38:47'),
	(462,'','蛮会',0,2,'group_topic',24,'2010-09-08 01:59:10','2010-09-08 01:59:10'),
	(463,'','一层一层下去',462,2,'group_topic',24,'2010-09-08 01:59:18','2010-09-08 01:59:18'),
	(464,'','哪里吃饭？',463,2,'group_topic',24,'2010-09-08 01:59:24','2010-09-08 01:59:24'),
	(465,'','换个话题吧。',0,2,'group_topic',24,'2010-09-08 01:59:29','2010-09-08 01:59:29'),
	(466,'','Dggft',0,32,'group_topic',29,'2010-09-08 21:00:41','2010-09-08 21:00:41'),
	(467,'','甘都得？',0,33,'group_topic',29,'2010-09-12 17:59:02','2010-09-12 17:59:02'),
	(468,'','你。。。',0,2,'group_topic',30,'2010-09-12 22:40:09','2010-09-12 22:40:09'),
	(469,'','我怎么了？',468,2,'group_topic',30,'2010-09-19 08:57:08','2010-09-19 08:57:08'),
	(470,'','正常阿',0,3,'group_topic',28,'2010-09-19 10:57:12','2010-09-19 10:57:12'),
	(471,'','我找不到，我到不了',0,2,'group_topic',31,'2010-09-19 11:26:35','2010-09-19 11:26:35'),
	(472,'','我静静的倚靠，静静手带哦，不敢漏掉，一丝一毫，愿你感。我找不到，我到不了，你所谓的将来的美好，我什么都不要，你知不知道。若你懂我，这一秒，我想看到，我在寻找，那所谓的爱情的美好，我静静的倚靠，静静',471,2,'group_topic',31,'2010-09-19 11:27:53','2010-09-19 11:27:53'),
	(473,'','hh',472,2,'group_topic',31,'2010-09-19 11:54:07','2010-09-19 11:54:07'),
	(474,'','连头像都一样，不给力阿',0,42,'group_topic',31,'2010-09-21 10:58:04','2010-09-21 10:58:04'),
	(475,'','哈哈',0,42,'group_topic',32,'2010-09-21 14:42:39','2010-09-21 14:42:39'),
	(476,'','是阿。',0,42,'group_topic',19,'2010-09-21 14:55:06','2010-09-21 14:55:06'),
	(477,'','唔知阿',475,42,'group_topic',32,'2010-09-26 13:07:22','2010-09-26 13:07:22'),
	(478,'','你所谓的',471,2,'group_topic',31,'2010-10-26 23:50:19','2010-10-26 23:50:19'),
	(479,'','不知所谓',478,2,'group_topic',31,'2010-10-26 23:50:25','2010-10-26 23:50:25'),
	(480,'','试试一直层叠下去～～',479,2,'group_topic',31,'2010-10-26 23:50:33','2010-10-26 23:50:33'),
	(481,'','人比人比死人',0,2,'group_topic',31,'2010-10-27 09:47:41','2010-10-27 09:47:41'),
	(482,'','完全没这回事',0,2,'group_topic',33,'2010-11-08 13:57:22','2010-11-08 13:57:22'),
	(483,'','挺给力的',0,2,'group_topic',36,'2010-11-10 00:20:53','2010-11-10 00:20:53'),
	(484,'','w阿哈哈',483,45,'group_topic',36,'2010-11-12 23:51:46','2010-11-12 23:51:46'),
	(485,'','哦',484,45,'group_topic',36,'2010-11-12 23:51:51','2010-11-12 23:51:51'),
	(486,'','一层一层咁留言',485,45,'group_topic',36,'2010-11-12 23:52:09','2010-11-12 23:52:09'),
	(487,'','去死啦',484,45,'group_topic',36,'2010-11-12 23:52:16','2010-11-12 23:52:16'),
	(488,'','点解去死呢',487,45,'group_topic',36,'2010-11-12 23:52:21','2010-11-12 23:52:21'),
	(489,'','冇得解',488,45,'group_topic',36,'2010-11-12 23:52:28','2010-11-12 23:52:28'),
	(490,'','sfsaf',0,44,'group_topic',24,'2010-11-13 16:36:25','2010-11-13 16:36:25'),
	(491,'','好阿',0,45,'group_topic',37,'2010-11-13 16:41:39','2010-11-13 16:41:39'),
	(492,'','omg',0,2,'group_topic',36,'2010-11-13 19:45:28','2010-11-13 19:45:28'),
	(493,'','这是怎么回事?',492,2,'group_topic',36,'2010-11-14 17:11:37','2010-11-14 17:11:37'),
	(494,'','??',491,2,'group_topic',37,'2010-11-15 23:25:25','2010-11-15 23:25:25'),
	(495,'','陈霈霖',0,2,'user',2,'2010-11-16 00:07:28','2010-11-16 00:07:28'),
	(496,'','靚',0,2,'user',45,'2010-11-16 00:53:39','2010-11-16 00:53:39'),
	(497,'','层叠式回复,有什么效用呢?',494,2,'group_topic',37,'2010-11-16 01:06:16','2010-11-16 01:06:16'),
	(498,'','哦.收到了~',0,44,'group_topic',38,'2010-11-17 22:49:35','2010-11-17 22:49:35'),
	(499,'','你好靚仔阿',0,44,'user',44,'2010-11-17 22:50:49','2010-11-17 22:50:49'),
	(500,'','真係好靚仔',0,44,'user',44,'2010-11-17 22:51:02','2010-11-17 22:51:02'),
	(501,'','是吗? 不会吧.~',500,44,'user',44,'2010-11-17 22:52:23','2010-11-17 22:52:23'),
	(502,'','一个一个',501,44,'user',44,'2010-11-17 22:52:30','2010-11-17 22:52:30'),
	(503,'','参考的~',502,44,'user',44,'2010-11-17 22:52:40','2010-11-17 22:52:40'),
	(504,'','喔擦列',499,44,'user',44,'2010-11-17 22:52:50','2010-11-17 22:52:50'),
	(505,'','哇哇',503,44,'user',44,'2010-11-17 22:53:00','2010-11-17 22:53:00'),
	(506,'','我会他',502,44,'user',44,'2010-11-17 22:53:17','2010-11-17 22:53:17'),
	(507,'','我回上面那个',506,44,'user',44,'2010-11-17 22:53:40','2010-11-17 22:53:40'),
	(508,'','z和个',502,44,'user',44,'2010-11-17 22:53:48','2010-11-17 22:53:48'),
	(509,'','傻B',0,2,'group_topic',31,'2010-11-18 22:41:13','2010-11-18 22:41:13'),
	(510,'','真的是傻？',509,2,'group_topic',31,'2010-11-18 22:41:22','2010-11-18 22:41:22'),
	(511,'','傻阿',509,2,'group_topic',31,'2010-11-18 22:41:31','2010-11-18 22:41:31'),
	(512,'','叼',511,2,'group_topic',31,'2010-11-18 22:41:39','2010-11-18 22:41:39'),
	(513,'','什么鬼阿',495,2,'user',2,'2010-12-03 15:58:11','2010-12-03 15:58:11'),
	(514,'','阿？',513,2,'user',2,'2010-12-03 15:58:19','2010-12-03 15:58:19'),
	(515,'','好的~~',0,47,'group_topic',37,'2011-01-02 15:44:16','2011-01-02 15:44:16'),
	(516,'','嘿嘿',0,44,'group_topic',37,'2011-01-18 21:11:52','2011-01-18 21:11:52'),
	(517,'','得啦',515,44,'group_topic',37,'2011-01-18 21:12:01','2011-01-18 21:12:01'),
	(518,'','唔知喔',0,44,'group_topic',20,'2011-01-19 01:20:50','2011-01-19 01:20:50'),
	(519,'','层叠',500,44,'user',44,'2011-01-24 19:34:20','2011-01-24 19:34:20'),
	(520,'','对应回复',519,44,'user',44,'2011-01-24 19:34:27','2011-01-24 19:34:27'),
	(521,'','对应上',520,44,'user',44,'2011-01-24 19:34:43','2011-01-24 19:34:43'),
	(522,'','士大夫',521,44,'user',44,'2011-01-24 19:34:58','2011-01-24 19:34:58'),
	(523,'','asdfsdf',0,44,'yiyuan.com',38,'2011-01-27 21:23:21','2011-01-27 21:23:21'),
	(524,'','行',0,2,'user',2,'2011-01-28 23:11:40','2011-01-28 23:11:40'),
	(525,'','如此阿？',0,2,'user',2,'2011-01-28 23:11:46','2011-01-28 23:11:46'),
	(526,'','滾',498,2,'group_topic',38,'2011-01-30 12:28:39','2011-01-30 12:28:39'),
	(527,'','怎么了？',526,64984763,'group_topic',38,'2011-01-30 22:11:53','2011-01-30 22:11:53'),
	(528,'','好丑阿',0,64984763,'user',64984763,'2011-01-30 22:15:39','2011-01-30 22:15:39'),
	(529,'','哈哈',525,2,'user',2,'2011-01-30 23:37:07','2011-01-30 23:37:07'),
	(530,'','？？',514,2,'user',2,'2011-01-30 23:37:15','2011-01-30 23:37:15'),
	(531,'','往事远',0,2,'group_topic',36,'2011-01-31 04:04:29','2011-01-31 04:04:29'),
	(532,'','难甘心',531,2,'group_topic',36,'2011-01-31 04:04:35','2011-01-31 04:04:35'),
	(533,'','遥望',532,2,'group_topic',36,'2011-01-31 04:04:40','2011-01-31 04:04:40'),
	(534,'','给力哦',0,2,'group_topic',42,'2011-02-01 22:42:15','2011-02-01 22:42:15'),
	(535,'','wanna differenet way.',0,2,'user',46,'2011-02-03 01:01:54','2011-02-03 01:01:54'),
	(536,'','有头像就是不同！',0,316394498,'group_topic',42,'2011-02-05 01:21:35','2011-02-05 01:21:35'),
	(537,'','繁忙的工作',525,2,'user',2,'2011-02-08 16:38:47','2011-02-08 16:38:47'),
	(538,'','哈哈哈哈哈',0,2,'user',2,'2011-02-08 20:32:23','2011-02-08 20:32:23'),
	(539,'','没问题哦',0,2,'group_topic',9,'2011-02-09 00:50:30','2011-02-09 00:50:30'),
	(540,'','这才正确',0,2,'topic',9,'2011-02-09 00:51:54','2011-02-09 00:51:54'),
	(541,'','这也对嘛',0,2,'topic',9,'2011-02-09 00:52:05','2011-02-09 00:52:05'),
	(542,'','哈哈',541,2,'topic',9,'2011-02-09 00:52:09','2011-02-09 00:52:09'),
	(543,'','麻烦',542,2,'topic',9,'2011-02-09 00:52:12','2011-02-09 00:52:12'),
	(544,'','正确吧？',0,2,'topic',8,'2011-02-09 00:54:18','2011-02-09 00:54:18'),
	(545,'','阿',0,2,'topic',8,'2011-02-09 00:57:28','2011-02-09 00:57:28'),
	(546,'','回复啦',0,2,'topic',10,'2011-02-09 01:03:26','2011-02-09 01:03:26'),
	(547,'','哇勒个去',0,2,'topic',12,'2011-02-09 01:26:46','2011-02-09 01:26:46'),
	(548,'','大家加油',0,2,'topic',18,'2011-02-09 02:02:19','2011-02-09 02:02:19'),
	(549,'','我饿哦',547,2,'topic',12,'2011-02-09 02:07:26','2011-02-09 02:07:26'),
	(550,'','去饿我乳房we',549,2,'topic',12,'2011-02-09 02:07:30','2011-02-09 02:07:30'),
	(551,'','你什么意思？',550,2,'topic',12,'2011-02-09 02:07:35','2011-02-09 02:07:35'),
	(552,'','没意思',551,2,'topic',12,'2011-02-09 02:07:41','2011-02-09 02:07:41'),
	(553,'','倚靠',552,2,'topic',12,'2011-02-09 02:08:01','2011-02-09 02:08:01'),
	(554,'','清早',553,2,'topic',12,'2011-02-09 02:08:06','2011-02-09 02:08:06'),
	(555,'','流浪',554,2,'topic',12,'2011-02-09 02:08:11','2011-02-09 02:08:11'),
	(556,'','讯号',555,2,'topic',12,'2011-02-09 02:08:16','2011-02-09 02:08:16'),
	(557,'','孤单的信仰',556,2,'topic',12,'2011-02-09 02:08:23','2011-02-09 02:08:23'),
	(558,'','我的伤',557,2,'topic',12,'2011-02-09 02:08:30','2011-02-09 02:08:30'),
	(559,'','阿是否十大',558,2,'topic',12,'2011-02-09 02:08:48','2011-02-09 02:08:48'),
	(560,'','我懂',559,2,'topic',12,'2011-02-09 02:08:58','2011-02-09 02:08:58'),
	(561,'','妈的。',560,2,'topic',12,'2011-02-09 02:13:01','2011-02-09 02:13:01'),
	(562,'','新歌',561,2,'topic',12,'2011-02-09 02:13:10','2011-02-09 02:13:10'),
	(563,'','唔明咯表示',558,2,'topic',12,'2011-02-09 02:13:22','2011-02-09 02:13:22'),
	(564,'','哪种静音',0,2,'user',2,'2011-02-09 21:33:16','2011-02-09 21:33:16'),
	(565,'','仍然明知许多侣伴转身会遇到',0,2,'topic',49,'2011-02-09 21:53:39','2011-02-09 21:53:39'),
	(566,'','again',0,2,'user',2,'2011-02-09 23:45:57','2011-02-09 23:45:57'),
	(567,'','哇哈哈哈',0,2,'topic',99,'2011-02-10 01:55:17','2011-02-10 01:55:17'),
	(568,'','好不好用阿？',0,2,'topic',101,'2011-02-10 02:52:01','2011-02-10 02:52:01'),
	(569,'','多少往事甜在心头。',564,2,'user',2,'2011-02-10 12:33:19','2011-02-10 12:33:19'),
	(570,'','关于群组的聊天',0,2,'group',1,'2011-02-10 15:28:05','2011-02-10 15:28:05'),
	(571,'','劲到晕阿',570,2,'group',1,'2011-02-10 15:28:10','2011-02-10 15:28:10'),
	(572,'','唔？',0,2,'group',1,'2011-02-10 15:29:41','2011-02-10 15:29:41'),
	(573,'','谁在线阿？',0,2,'group',1,'2011-02-10 15:31:59','2011-02-10 15:31:59'),
	(574,'','阿阿？',0,2,'group',1,'2011-02-10 15:38:03','2011-02-10 15:38:03'),
	(575,'','可以阿',0,2,'topic',113,'2011-02-10 15:45:27','2011-02-10 15:45:27'),
	(576,'','完全冇问题填呢',575,2,'topic',113,'2011-02-10 15:45:32','2011-02-10 15:45:32'),
	(577,'','劲抽',576,2,'topic',113,'2011-02-10 15:45:38','2011-02-10 15:45:38'),
	(578,'','评论',0,2,'topic',118,'2011-02-10 15:51:58','2011-02-10 15:51:58'),
	(579,'','层叠下去',578,2,'topic',118,'2011-02-10 15:52:04','2011-02-10 15:52:04'),
	(580,'','妈呀',0,316394498,'group',1,'2011-02-10 19:01:40','2011-02-10 19:01:40'),
	(581,'','怎么了？',580,316394498,'group',1,'2011-02-10 19:01:45','2011-02-10 19:01:45'),
	(582,'','给力阿',0,2,'user',2,'2011-02-10 22:16:08','2011-02-10 22:16:08'),
	(583,'','哇咔咔',0,2,'topic',118,'2011-02-10 22:16:32','2011-02-10 22:16:32'),
	(584,'','我都知啦',0,2,'group',1,'2011-02-10 22:21:01','2011-02-10 22:21:01'),
	(585,'','哦',0,2,'user',2,'2011-02-10 22:25:12','2011-02-10 22:25:12'),
	(586,'','也夠絕了！',537,2,'user',2,'2011-02-11 00:22:15','2011-02-11 00:22:15'),
	(587,'','這景致',586,2,'user',2,'2011-02-11 00:22:28','2011-02-11 00:22:28'),
	(588,'','不留',530,2,'user',2,'2011-02-11 00:22:39','2011-02-11 00:22:39'),
	(589,'','欠缺温馨',535,2,'user',46,'2011-02-11 02:41:27','2011-02-11 02:41:27'),
	(590,'','哈哈哈',0,2,'group',1,'2011-02-11 02:42:31','2011-02-11 02:42:31'),
	(591,'','怎么了？',0,2,'group',1,'2011-02-11 21:04:34','2011-02-11 21:04:34'),
	(592,'','给力阿',0,2,'group',1,'2011-02-11 22:56:06','2011-02-11 22:56:06');

/*!40000 ALTER TABLE `kk_chat` ENABLE KEYS */;
UNLOCK TABLES;


# Dump of table kk_ci_sessions
# ------------------------------------------------------------

DROP TABLE IF EXISTS `kk_ci_sessions`;

CREATE TABLE `kk_ci_sessions` (
  `session_id` varchar(40) CHARACTER SET utf8 COLLATE utf8_bin NOT NULL DEFAULT '0',
  `ip_address` varchar(16) CHARACTER SET utf8 COLLATE utf8_bin NOT NULL DEFAULT '0',
  `user_agent` varchar(150) CHARACTER SET utf8 COLLATE utf8_bin NOT NULL,
  `last_activity` int(10) unsigned NOT NULL DEFAULT '0',
  `user_data` text CHARACTER SET utf8 COLLATE utf8_bin NOT NULL,
  PRIMARY KEY (`session_id`)
) ENGINE=InnoDB DEFAULT CHARSET=utf8;

LOCK TABLES `kk_ci_sessions` WRITE;
/*!40000 ALTER TABLE `kk_ci_sessions` DISABLE KEYS */;
INSERT INTO `kk_ci_sessions` (`session_id`,`ip_address`,`user_agent`,`last_activity`,`user_data`)
VALUES
	('3ea5564f00ab86f8c8472842b4f7b60b','0.0.0.0','Mozilla/5.0 (Macintosh; U; Intel Mac OS X 10_6_6; ',1297442199,X'613A333A7B733A373A22757365725F6964223B733A313A2232223B733A383A22757365726E616D65223B733A303A22223B733A363A22737461747573223B733A313A2231223B7D');

/*!40000 ALTER TABLE `kk_ci_sessions` ENABLE KEYS */;
UNLOCK TABLES;


# Dump of table kk_dict_city
# ------------------------------------------------------------

DROP TABLE IF EXISTS `kk_dict_city`;

CREATE TABLE `kk_dict_city` (
  `id` int(10) unsigned NOT NULL AUTO_INCREMENT,
  `city_name` varchar(30) NOT NULL,
  `city_id` int(11) DEFAULT NULL,
  `province_id` int(10) unsigned NOT NULL,
  `S_STATE` varchar(1) DEFAULT NULL COMMENT '0 - 禁用\r\n1 - 启用 \r\n',
  PRIMARY KEY (`id`)
) ENGINE=MyISAM AUTO_INCREMENT=450 DEFAULT CHARSET=utf8;

LOCK TABLES `kk_dict_city` WRITE;
/*!40000 ALTER TABLE `kk_dict_city` DISABLE KEYS */;
INSERT INTO `kk_dict_city` (`id`,`city_name`,`city_id`,`province_id`,`S_STATE`)
VALUES
	(1,'东城区',1,11,NULL),
	(2,'西城区',2,11,NULL),
	(3,'崇文区',3,11,NULL),
	(4,'宣武区',4,11,NULL),
	(5,'朝阳区',5,11,NULL),
	(6,'丰台区',6,11,NULL),
	(7,'石景山区',7,11,NULL),
	(8,'海淀区',8,11,NULL),
	(9,'门头沟区',9,11,NULL),
	(10,'房山区',11,11,NULL),
	(11,'通州区',12,11,NULL),
	(12,'顺义区',13,11,NULL),
	(13,'昌平区',14,11,NULL),
	(14,'大兴区',15,11,NULL),
	(15,'怀柔区',16,11,NULL),
	(16,'平谷区',17,11,NULL),
	(17,'密云县',28,11,NULL),
	(18,'延庆县',29,11,NULL),
	(19,'和平区',1,12,NULL),
	(20,'河东区',2,12,NULL),
	(21,'河西区',3,12,NULL),
	(22,'南开区',4,12,NULL),
	(23,'河北区',5,12,NULL),
	(24,'红桥区',6,12,NULL),
	(25,'塘沽区',7,12,NULL),
	(26,'汉沽区',8,12,NULL),
	(27,'大港区',9,12,NULL),
	(28,'东丽区',10,12,NULL),
	(29,'西青区',11,12,NULL),
	(30,'津南区',12,12,NULL),
	(31,'北辰区',13,12,NULL),
	(32,'武清区',14,12,NULL),
	(33,'宝坻区',15,12,NULL),
	(34,'宁河县',21,12,NULL),
	(35,'静海县',23,12,NULL),
	(36,'蓟县',25,12,NULL),
	(37,'石家庄',1,13,NULL),
	(38,'唐山',2,13,NULL),
	(39,'秦皇岛',3,13,NULL),
	(40,'邯郸',4,13,NULL),
	(41,'邢台',5,13,NULL),
	(42,'保定',6,13,NULL),
	(43,'张家口',7,13,NULL),
	(44,'承德',8,13,NULL),
	(45,'沧州',9,13,NULL),
	(46,'廊坊',10,13,NULL),
	(47,'衡水',11,13,NULL),
	(48,'太原',1,14,NULL),
	(49,'大同',2,14,NULL),
	(50,'阳泉',3,14,NULL),
	(51,'长治',4,14,NULL),
	(52,'晋城',5,14,NULL),
	(53,'朔州',6,14,NULL),
	(54,'晋中',7,14,NULL),
	(55,'运城',8,14,NULL),
	(56,'忻州',9,14,NULL),
	(57,'临汾',10,14,NULL),
	(58,'吕梁',23,14,NULL),
	(59,'呼和浩特',1,15,NULL),
	(60,'包头',2,15,NULL),
	(61,'乌海',3,15,NULL),
	(62,'赤峰',4,15,NULL),
	(63,'通辽',5,15,NULL),
	(64,'鄂尔多斯',6,15,NULL),
	(65,'呼伦贝尔',7,15,NULL),
	(66,'兴安盟',22,15,NULL),
	(67,'锡林郭勒盟',25,15,NULL),
	(68,'乌兰察布盟',26,15,NULL),
	(69,'巴彦淖尔盟',28,15,NULL),
	(70,'阿拉善盟',29,15,NULL),
	(71,'沈阳',1,21,NULL),
	(72,'大连',2,21,NULL),
	(73,'鞍山',3,21,NULL),
	(74,'抚顺',4,21,NULL),
	(75,'本溪',5,21,NULL),
	(76,'丹东',6,21,NULL),
	(77,'锦州',7,21,NULL),
	(78,'营口',8,21,NULL),
	(79,'阜新',9,21,NULL),
	(80,'辽阳',10,21,NULL),
	(81,'盘锦',11,21,NULL),
	(82,'铁岭',12,21,NULL),
	(83,'朝阳',13,21,NULL),
	(84,'葫芦岛',14,21,NULL),
	(85,'长春',1,22,NULL),
	(86,'吉林',2,22,NULL),
	(87,'四平',3,22,NULL),
	(88,'辽源',4,22,NULL),
	(89,'通化',5,22,NULL),
	(90,'白山',6,22,NULL),
	(91,'松原',7,22,NULL),
	(92,'白城',8,22,NULL),
	(93,'延边朝鲜族自治州',24,22,NULL),
	(94,'哈尔滨',1,23,NULL),
	(95,'齐齐哈尔',2,23,NULL),
	(96,'鸡西',3,23,NULL),
	(97,'鹤岗',4,23,NULL),
	(98,'双鸭山',5,23,NULL),
	(99,'大庆',6,23,NULL),
	(100,'伊春',7,23,NULL),
	(101,'佳木斯',8,23,NULL),
	(102,'七台河',9,23,NULL),
	(103,'牡丹江',10,23,NULL),
	(104,'黑河',11,23,NULL),
	(105,'绥化',12,23,NULL),
	(106,'大兴安岭',27,23,NULL),
	(107,'黄浦区',1,31,NULL),
	(108,'卢湾区',3,31,NULL),
	(109,'徐汇区',4,31,NULL),
	(110,'长宁区',5,31,NULL),
	(111,'静安区',6,31,NULL),
	(112,'普陀区',7,31,NULL),
	(113,'闸北区',8,31,NULL),
	(114,'虹口区',9,31,NULL),
	(115,'杨浦区',10,31,NULL),
	(116,'闵行区',12,31,NULL),
	(117,'宝山区',13,31,NULL),
	(118,'嘉定区',14,31,NULL),
	(119,'浦东新区',15,31,NULL),
	(120,'金山区',16,31,NULL),
	(121,'松江区',17,31,NULL),
	(122,'青浦区',18,31,NULL),
	(123,'南汇区',19,31,NULL),
	(124,'奉贤区',20,31,NULL),
	(125,'崇明县',30,31,NULL),
	(126,'南京',1,32,NULL),
	(127,'无锡',2,32,NULL),
	(128,'徐州',3,32,NULL),
	(129,'常州',4,32,NULL),
	(130,'苏州',5,32,NULL),
	(131,'南通',6,32,NULL),
	(132,'连云港',7,32,NULL),
	(133,'淮安',8,32,NULL),
	(134,'盐城',9,32,NULL),
	(135,'扬州',10,32,NULL),
	(136,'镇江',11,32,NULL),
	(137,'泰州',12,32,NULL),
	(138,'宿迁',13,32,NULL),
	(139,'杭州',1,33,NULL),
	(140,'宁波',2,33,NULL),
	(141,'温州',3,33,NULL),
	(142,'嘉兴',4,33,NULL),
	(143,'湖州',5,33,NULL),
	(144,'绍兴',6,33,NULL),
	(145,'金华',7,33,NULL),
	(146,'衢州',8,33,NULL),
	(147,'舟山',9,33,NULL),
	(148,'台州',10,33,NULL),
	(149,'丽水',11,33,NULL),
	(150,'合肥',1,34,NULL),
	(151,'芜湖',2,34,NULL),
	(152,'蚌埠',3,34,NULL),
	(153,'淮南',4,34,NULL),
	(154,'马鞍山',5,34,NULL),
	(155,'淮北',6,34,NULL),
	(156,'铜陵',7,34,NULL),
	(157,'安庆',8,34,NULL),
	(158,'黄山',10,34,NULL),
	(159,'滁州',11,34,NULL),
	(160,'阜阳',12,34,NULL),
	(161,'宿州',13,34,NULL),
	(162,'巢湖',14,34,NULL),
	(163,'六安',15,34,NULL),
	(164,'亳州',16,34,NULL),
	(165,'池州',17,34,NULL),
	(166,'宣城',18,34,NULL),
	(167,'福州',1,35,NULL),
	(168,'厦门',2,35,NULL),
	(169,'莆田',3,35,NULL),
	(170,'三明',4,35,NULL),
	(171,'泉州',5,35,NULL),
	(172,'漳州',6,35,NULL),
	(173,'南平',7,35,NULL),
	(174,'龙岩',8,35,NULL),
	(175,'宁德',9,35,NULL),
	(176,'南昌',1,36,NULL),
	(177,'景德镇',2,36,NULL),
	(178,'萍乡',3,36,NULL),
	(179,'九江',4,36,NULL),
	(180,'新余',5,36,NULL),
	(181,'鹰潭',6,36,NULL),
	(182,'赣州',7,36,NULL),
	(183,'吉安',8,36,NULL),
	(184,'宜春',9,36,NULL),
	(185,'抚州',10,36,NULL),
	(186,'上饶',11,36,NULL),
	(187,'济南',1,37,NULL),
	(188,'青岛',2,37,NULL),
	(189,'淄博',3,37,NULL),
	(190,'枣庄',4,37,NULL),
	(191,'东营',5,37,NULL),
	(192,'烟台',6,37,NULL),
	(193,'潍坊',7,37,NULL),
	(194,'济宁',8,37,NULL),
	(195,'泰安',9,37,NULL),
	(196,'威海',10,37,NULL),
	(197,'日照',11,37,NULL),
	(198,'莱芜',12,37,NULL),
	(199,'临沂',13,37,NULL),
	(200,'德州',14,37,NULL),
	(201,'聊城',15,37,NULL),
	(202,'滨州',16,37,NULL),
	(203,'菏泽',17,37,NULL),
	(204,'郑州',1,41,NULL),
	(205,'开封',2,41,NULL),
	(206,'洛阳',3,41,NULL),
	(207,'平顶山',4,41,NULL),
	(208,'安阳',5,41,NULL),
	(209,'鹤壁',6,41,NULL),
	(210,'新乡',7,41,NULL),
	(211,'焦作',8,41,NULL),
	(212,'濮阳',9,41,NULL),
	(213,'许昌',10,41,NULL),
	(214,'漯河',11,41,NULL),
	(215,'三门峡',12,41,NULL),
	(216,'南阳',13,41,NULL),
	(217,'商丘',14,41,NULL),
	(218,'信阳',15,41,NULL),
	(219,'周口',16,41,NULL),
	(220,'驻马店',17,41,NULL),
	(221,'武汉',1,42,NULL),
	(222,'黄石',2,42,NULL),
	(223,'十堰',3,42,NULL),
	(224,'宜昌',5,42,NULL),
	(225,'襄樊',6,42,NULL),
	(226,'鄂州',7,42,NULL),
	(227,'荆门',8,42,NULL),
	(228,'孝感',9,42,NULL),
	(229,'荆州',10,42,NULL),
	(230,'黄冈',11,42,NULL),
	(231,'咸宁',12,42,NULL),
	(232,'随州',13,42,NULL),
	(233,'恩施土家族苗族自治州',28,42,NULL),
	(234,'长沙',1,43,NULL),
	(235,'株洲',2,43,NULL),
	(236,'湘潭',3,43,NULL),
	(237,'衡阳',4,43,NULL),
	(238,'邵阳',5,43,NULL),
	(239,'岳阳',6,43,NULL),
	(240,'常德',7,43,NULL),
	(241,'张家界',8,43,NULL),
	(242,'益阳',9,43,NULL),
	(243,'郴州',10,43,NULL),
	(244,'永州',11,43,NULL),
	(245,'怀化',12,43,NULL),
	(246,'娄底',13,43,NULL),
	(247,'湘西土家族苗族自治州',31,43,NULL),
	(248,'广州',1,44,NULL),
	(249,'韶关',2,44,NULL),
	(250,'深圳',3,44,NULL),
	(251,'珠海',4,44,NULL),
	(252,'汕头',5,44,NULL),
	(253,'佛山',6,44,NULL),
	(254,'江门',7,44,NULL),
	(255,'湛江',8,44,NULL),
	(256,'茂名',9,44,NULL),
	(257,'肇庆',12,44,NULL),
	(258,'惠州',13,44,NULL),
	(259,'梅州',14,44,NULL),
	(260,'汕尾',15,44,NULL),
	(261,'河源',16,44,NULL),
	(262,'阳江',17,44,NULL),
	(263,'清远',18,44,NULL),
	(264,'东莞',19,44,NULL),
	(265,'中山',20,44,NULL),
	(266,'潮州',51,44,NULL),
	(267,'揭阳',52,44,NULL),
	(268,'云浮',53,44,NULL),
	(269,'南宁',1,45,NULL),
	(270,'柳州',2,45,NULL),
	(271,'桂林',3,45,NULL),
	(272,'梧州',4,45,NULL),
	(273,'北海',5,45,NULL),
	(274,'防城港',6,45,NULL),
	(275,'钦州',7,45,NULL),
	(276,'贵港',8,45,NULL),
	(277,'玉林',9,45,NULL),
	(278,'百色',10,45,NULL),
	(279,'贺州',11,45,NULL),
	(280,'河池',12,45,NULL),
	(281,'南宁',21,45,NULL),
	(282,'柳州',22,45,NULL),
	(283,'海口',1,46,NULL),
	(284,'三亚',2,46,NULL),
	(285,'其他',90,46,NULL),
	(286,'万州区',1,50,NULL),
	(287,'涪陵区',2,50,NULL),
	(288,'渝中区',3,50,NULL),
	(289,'大渡口区',4,50,NULL),
	(290,'江北区',5,50,NULL),
	(291,'沙坪坝区',6,50,NULL),
	(292,'九龙坡区',7,50,NULL),
	(293,'南岸区',8,50,NULL),
	(294,'北碚区',9,50,NULL),
	(295,'万盛区',10,50,NULL),
	(296,'双桥区',11,50,NULL),
	(297,'渝北区',12,50,NULL),
	(298,'巴南区',13,50,NULL),
	(299,'黔江区',14,50,NULL),
	(300,'长寿区',15,50,NULL),
	(301,'綦江县',22,50,NULL),
	(302,'潼南县',23,50,NULL),
	(303,'铜梁县',24,50,NULL),
	(304,'大足县',25,50,NULL),
	(305,'荣昌县',26,50,NULL),
	(306,'璧山县',27,50,NULL),
	(307,'梁平县',28,50,NULL),
	(308,'城口县',29,50,NULL),
	(309,'丰都县',30,50,NULL),
	(310,'垫江县',31,50,NULL),
	(311,'武隆县',32,50,NULL),
	(312,'忠县',33,50,NULL),
	(313,'开县',34,50,NULL),
	(314,'云阳县',35,50,NULL),
	(315,'奉节县',36,50,NULL),
	(316,'巫山县',37,50,NULL),
	(317,'巫溪县',38,50,NULL),
	(318,'石柱土家族自治县',40,50,NULL),
	(319,'秀山土家族苗族自治县',41,50,NULL),
	(320,'酉阳土家族苗族自治县',42,50,NULL),
	(321,'彭水苗族土家族自治县',43,50,NULL),
	(322,'江津市',81,50,NULL),
	(323,'合川市',82,50,NULL),
	(324,'永川区',83,50,NULL),
	(325,'南川市',84,50,NULL),
	(326,'成都',1,51,NULL),
	(327,'自贡',3,51,NULL),
	(328,'攀枝花',4,51,NULL),
	(329,'泸州',5,51,NULL),
	(330,'德阳',6,51,NULL),
	(331,'绵阳',7,51,NULL),
	(332,'广元',8,51,NULL),
	(333,'遂宁',9,51,NULL),
	(334,'内江',10,51,NULL),
	(335,'乐山',11,51,NULL),
	(336,'南充',13,51,NULL),
	(337,'眉山',14,51,NULL),
	(338,'宜宾',15,51,NULL),
	(339,'广安',16,51,NULL),
	(340,'达州',17,51,NULL),
	(341,'雅安',18,51,NULL),
	(342,'巴中',19,51,NULL),
	(343,'资阳',20,51,NULL),
	(344,'阿坝',32,51,NULL),
	(345,'甘孜',33,51,NULL),
	(346,'凉山',34,51,NULL),
	(347,'贵阳',1,52,NULL),
	(348,'六盘水',2,52,NULL),
	(349,'遵义',3,52,NULL),
	(350,'安顺',4,52,NULL),
	(351,'铜仁',22,52,NULL),
	(352,'黔西南',23,52,NULL),
	(353,'毕节',24,52,NULL),
	(354,'黔东南',26,52,NULL),
	(355,'黔南',27,52,NULL),
	(356,'昆明',1,53,NULL),
	(357,'曲靖',3,53,NULL),
	(358,'玉溪',4,53,NULL),
	(359,'保山',5,53,NULL),
	(360,'昭通',6,53,NULL),
	(361,'楚雄',23,53,NULL),
	(362,'红河',25,53,NULL),
	(363,'文山',26,53,NULL),
	(364,'思茅',27,53,NULL),
	(365,'西双版纳',28,53,NULL),
	(366,'大理',29,53,NULL),
	(367,'德宏',31,53,NULL),
	(368,'丽江',32,53,NULL),
	(369,'怒江',33,53,NULL),
	(370,'迪庆',34,53,NULL),
	(371,'临沧',35,53,NULL),
	(372,'拉萨',1,54,NULL),
	(373,'昌都',21,54,NULL),
	(374,'山南',22,54,NULL),
	(375,'日喀则',23,54,NULL),
	(376,'那曲',24,54,NULL),
	(377,'阿里',25,54,NULL),
	(378,'林芝',26,54,NULL),
	(379,'西安',1,61,NULL),
	(380,'铜川',2,61,NULL),
	(381,'宝鸡',3,61,NULL),
	(382,'咸阳',4,61,NULL),
	(383,'渭南',5,61,NULL),
	(384,'延安',6,61,NULL),
	(385,'汉中',7,61,NULL),
	(386,'榆林',8,61,NULL),
	(387,'安康',9,61,NULL),
	(388,'商洛',10,61,NULL),
	(389,'兰州',1,62,NULL),
	(390,'嘉峪关',2,62,NULL),
	(391,'金昌',3,62,NULL),
	(392,'白银',4,62,NULL),
	(393,'天水',5,62,NULL),
	(394,'武威',6,62,NULL),
	(395,'张掖',7,62,NULL),
	(396,'平凉',8,62,NULL),
	(397,'酒泉',9,62,NULL),
	(398,'庆阳',10,62,NULL),
	(399,'定西',24,62,NULL),
	(400,'陇南',26,62,NULL),
	(401,'临夏',29,62,NULL),
	(402,'甘南',30,62,NULL),
	(403,'西宁',1,63,NULL),
	(404,'海东',21,63,NULL),
	(405,'海北',22,63,NULL),
	(406,'黄南',23,63,NULL),
	(407,'海南',25,63,NULL),
	(408,'果洛',26,63,NULL),
	(409,'玉树',27,63,NULL),
	(410,'海西',28,63,NULL),
	(411,'银川',1,64,NULL),
	(412,'石嘴山',2,64,NULL),
	(413,'吴忠',3,64,NULL),
	(414,'固原',4,64,NULL),
	(415,'乌鲁木齐',1,65,NULL),
	(416,'克拉玛依',2,65,NULL),
	(417,'吐鲁番',21,65,NULL),
	(418,'哈密',22,65,NULL),
	(419,'昌吉',23,65,NULL),
	(420,'博尔塔拉',27,65,NULL),
	(421,'巴音郭楞',28,65,NULL),
	(422,'阿克苏',29,65,NULL),
	(423,'克孜勒苏',30,65,NULL),
	(424,'喀什',31,65,NULL),
	(425,'和田',32,65,NULL),
	(426,'伊犁',40,65,NULL),
	(427,'塔城',42,65,NULL),
	(428,'阿勒泰',43,65,NULL),
	(429,'台北',1,71,NULL),
	(430,'高雄',2,71,NULL),
	(431,'其他',90,71,NULL),
	(432,'香港',1,81,NULL),
	(433,'澳门',1,82,NULL),
	(434,'美国',1,400,NULL),
	(435,'英国',2,400,NULL),
	(436,'法国',3,400,NULL),
	(437,'俄罗斯',4,400,NULL),
	(438,'加拿大',5,400,NULL),
	(439,'巴西',6,400,NULL),
	(440,'澳大利亚',7,400,NULL),
	(441,'印尼',8,400,NULL),
	(442,'泰国',9,400,NULL),
	(443,'马来西亚',10,400,NULL),
	(444,'新加坡',11,400,NULL),
	(445,'菲律宾',12,400,NULL),
	(446,'越南',13,400,NULL),
	(447,'印度',14,400,NULL),
	(448,'日本',15,400,NULL),
	(449,'其他',16,400,NULL);

/*!40000 ALTER TABLE `kk_dict_city` ENABLE KEYS */;
UNLOCK TABLES;


# Dump of table kk_dict_province
# ------------------------------------------------------------

DROP TABLE IF EXISTS `kk_dict_province`;

CREATE TABLE `kk_dict_province` (
  `id` int(10) unsigned NOT NULL DEFAULT '0',
  `province_name` varchar(30) NOT NULL,
  `S_TYPE` varchar(1) DEFAULT NULL COMMENT '1 - 直辖市\r\n2 - 行政省\r\n3 - 自治区\r\n4 - 特别行政区\r\n5 - 其他国家\r\n见全局数据字典[省份类型] \r\n',
  `S_STATE` varchar(1) DEFAULT NULL COMMENT '0 - 禁用\r\n1 - 启用',
  PRIMARY KEY (`id`)
) ENGINE=MyISAM DEFAULT CHARSET=utf8;

LOCK TABLES `kk_dict_province` WRITE;
/*!40000 ALTER TABLE `kk_dict_province` DISABLE KEYS */;
INSERT INTO `kk_dict_province` (`id`,`province_name`,`S_TYPE`,`S_STATE`)
VALUES
	(11,'北京',NULL,NULL),
	(12,'天津',NULL,NULL),
	(13,'河北',NULL,NULL),
	(14,'山西',NULL,NULL),
	(15,'内蒙古',NULL,NULL),
	(21,'辽宁',NULL,NULL),
	(22,'吉林',NULL,NULL),
	(23,'黑龙江',NULL,NULL),
	(31,'上海',NULL,NULL),
	(32,'江苏',NULL,NULL),
	(33,'浙江',NULL,NULL),
	(34,'安徽',NULL,NULL),
	(35,'福建',NULL,NULL),
	(36,'江西',NULL,NULL),
	(37,'山东',NULL,NULL),
	(41,'河南',NULL,NULL),
	(42,'湖北',NULL,NULL),
	(43,'湖南',NULL,NULL),
	(44,'广东',NULL,NULL),
	(45,'广西',NULL,NULL),
	(46,'海南',NULL,NULL),
	(50,'重庆',NULL,NULL),
	(51,'四川',NULL,NULL),
	(52,'贵州',NULL,NULL),
	(53,'云南',NULL,NULL),
	(54,'西藏',NULL,NULL),
	(61,'陕西',NULL,NULL),
	(62,'甘肃',NULL,NULL),
	(63,'青海',NULL,NULL),
	(64,'宁夏',NULL,NULL),
	(65,'新疆',NULL,NULL),
	(71,'台湾',NULL,NULL),
	(81,'香港',NULL,NULL),
	(82,'澳门',NULL,NULL),
	(100,'其他',NULL,NULL),
	(400,'海外',NULL,NULL);

/*!40000 ALTER TABLE `kk_dict_province` ENABLE KEYS */;
UNLOCK TABLES;


# Dump of table kk_event
# ------------------------------------------------------------

DROP TABLE IF EXISTS `kk_event`;

CREATE TABLE `kk_event` (
  `id` int(11) NOT NULL AUTO_INCREMENT,
  `start` datetime DEFAULT NULL,
  `end` datetime DEFAULT NULL,
  `model` varchar(255) DEFAULT NULL,
  `model_id` int(11) DEFAULT NULL,
  `user_id` int(11) DEFAULT NULL,
  `name` varchar(255) DEFAULT NULL,
  `content` text,
  `type_id` int(11) DEFAULT NULL,
  `join_mode` varchar(255) DEFAULT NULL,
  `location` varchar(255) DEFAULT NULL,
  `vouched` int(11) DEFAULT NULL,
  PRIMARY KEY (`id`)
) ENGINE=MyISAM AUTO_INCREMENT=10 DEFAULT CHARSET=utf8;

LOCK TABLES `kk_event` WRITE;
/*!40000 ALTER TABLE `kk_event` DISABLE KEYS */;
INSERT INTO `kk_event` (`id`,`start`,`end`,`model`,`model_id`,`user_id`,`name`,`content`,`type_id`,`join_mode`,`location`,`vouched`)
VALUES
	(1,NULL,NULL,'group',1,2,NULL,NULL,NULL,NULL,NULL,NULL),
	(2,'2010-11-08 00:00:00',NULL,'group',1,2,NULL,NULL,NULL,NULL,NULL,NULL),
	(3,'2010-11-08 00:00:00','2010-11-08 00:00:00','group',1,2,NULL,NULL,NULL,NULL,NULL,NULL),
	(4,'2010-11-08 15:04:00','2010-11-08 00:00:00','group',1,2,NULL,NULL,NULL,NULL,NULL,NULL),
	(5,'2010-11-08 15:04:00','2010-11-08 16:04:00','group',1,2,NULL,NULL,NULL,NULL,NULL,NULL),
	(6,'2010-11-08 15:15:00','2010-11-08 16:04:00','group',1,2,'asdfsadf','sdfsadfassdf',NULL,NULL,NULL,NULL),
	(7,'2010-11-08 15:24:00','2010-11-08 16:24:00','group',1,2,'北师大','社团联盟',NULL,NULL,NULL,NULL),
	(8,'2010-11-08 19:33:00','2010-11-08 20:33:00','group',1,2,'新活动','a a a sdaf',NULL,NULL,NULL,NULL),
	(9,'2010-11-11 16:35:00','2010-11-13 17:35:00','group',1,44,'明天去吃鞋','是伏萨发',NULL,NULL,NULL,NULL);

/*!40000 ALTER TABLE `kk_event` ENABLE KEYS */;
UNLOCK TABLES;


# Dump of table kk_great_wall
# ------------------------------------------------------------

DROP TABLE IF EXISTS `kk_great_wall`;

CREATE TABLE `kk_great_wall` (
  `id` int(11) DEFAULT NULL
) ENGINE=MyISAM DEFAULT CHARSET=utf8;



# Dump of table kk_group
# ------------------------------------------------------------

DROP TABLE IF EXISTS `kk_group`;

CREATE TABLE `kk_group` (
  `id` int(11) NOT NULL AUTO_INCREMENT,
  `name` varchar(45) DEFAULT NULL,
  `slug` varchar(45) DEFAULT NULL,
  `logo` varchar(45) DEFAULT NULL,
  `category_id` int(11) NOT NULL,
  `owner_id` int(11) DEFAULT NULL,
  `created` datetime DEFAULT NULL,
  `modified` timestamp NULL DEFAULT CURRENT_TIMESTAMP ON UPDATE CURRENT_TIMESTAMP,
  `privacy` varchar(45) DEFAULT NULL,
  `verify` varchar(255) DEFAULT NULL,
  `vouched` int(11) DEFAULT NULL,
  `is_logo` int(1) DEFAULT '0',
  `is_approved` int(1) DEFAULT '0',
  PRIMARY KEY (`id`),
  UNIQUE KEY `id_UNIQUE` (`id`),
  KEY `fk_kk_group_kk_group_category1` (`category_id`)
) ENGINE=MyISAM AUTO_INCREMENT=419444910 DEFAULT CHARSET=utf8;

LOCK TABLES `kk_group` WRITE;
/*!40000 ALTER TABLE `kk_group` DISABLE KEYS */;
INSERT INTO `kk_group` (`id`,`name`,`slug`,`logo`,`category_id`,`owner_id`,`created`,`modified`,`privacy`,`verify`,`vouched`,`is_logo`,`is_approved`)
VALUES
	(1,'奇异果之家','kiwiguo',NULL,1,NULL,'2010-08-08 12:38:22','2011-02-08 23:14:26','public','everyone',NULL,1,0),
	(2,'冇事','',NULL,1,NULL,'2010-08-08 12:39:13','2010-09-19 10:21:40','private','request',NULL,NULL,0),
	(3,'BNUEP-SIFE','',NULL,1,NULL,'2010-08-08 18:24:55','2010-08-09 12:36:50','closed','closed',NULL,NULL,0),
	(4,'卓盈醫療','',NULL,1,NULL,'2010-08-08 18:25:06','2010-08-16 23:44:54','public','request',NULL,NULL,0),
	(5,'新友群','',NULL,1,NULL,'2010-08-09 00:31:00','2010-08-16 23:44:54','public','request',NULL,NULL,0),
	(6,'我爱水果','',NULL,1,NULL,'2010-08-09 00:46:44','2010-08-16 23:44:56','public',NULL,NULL,NULL,0),
	(7,'自强社','',NULL,1,NULL,'2010-08-09 00:51:33','2010-08-16 23:44:55','public','request',NULL,NULL,0),
	(8,'Kelly粉丝团','',NULL,1,NULL,'2010-08-09 01:51:13','2010-08-16 23:44:57','public','request',NULL,NULL,0),
	(9,'af','',NULL,1,2,'2010-08-09 01:54:30','2010-08-16 23:44:58','public',NULL,NULL,NULL,0),
	(10,'afwer','',NULL,1,2,'2010-08-09 01:55:42','2010-08-16 23:44:58','public','everyone',NULL,NULL,0),
	(11,'新友群','',NULL,1,2,'2010-08-09 12:24:57','2010-08-16 23:44:59','public','request',NULL,NULL,0),
	(12,'哈哈','',NULL,1,2,'2010-08-09 12:28:59','2010-08-16 23:45:00','public','request',NULL,NULL,0),
	(13,'哈哈','',NULL,1,2,'2010-08-09 12:29:46','2010-08-16 23:45:01','public','request',NULL,NULL,0),
	(14,'新群','',NULL,1,2,'2010-08-09 23:48:19','2010-08-16 23:45:02','public','request',NULL,NULL,0),
	(15,'KK!','',NULL,1,2,'2010-08-10 13:17:19','2010-08-16 23:45:02','public','request',NULL,NULL,0),
	(16,'奇异果研发团队','',NULL,1,2,'2010-08-10 17:36:47','2010-08-16 23:45:03','public','request',NULL,NULL,0),
	(17,'审核群尝试','',NULL,1,2,'2010-08-11 16:07:40','2010-08-16 23:45:05','public','request',NULL,NULL,0),
	(18,'黄粉丝团','',NULL,1,2,'2010-08-13 13:56:11','2010-08-16 23:45:04','public','request',NULL,NULL,0),
	(19,'黄粉丝团','',NULL,1,2,'2010-08-13 13:56:15','2010-08-16 23:45:12','public','request',NULL,NULL,0),
	(20,'去死群','',NULL,1,2,'2010-08-13 15:05:22','2010-08-16 23:45:13','public','request',NULL,NULL,0),
	(21,'ASDasd','',NULL,1,2,'2010-08-13 17:33:44','2010-08-16 23:45:14','public','request',NULL,NULL,0),
	(22,'职协','',NULL,1,2,'2010-08-13 17:35:35','2010-08-16 23:45:14','public','request',NULL,NULL,0),
	(23,'私密','',NULL,1,2,'2010-08-15 01:05:17','2010-08-15 01:05:17','private','request',NULL,NULL,0),
	(24,'私密','',NULL,1,2,'2010-08-15 01:05:21','2010-08-15 01:05:21','private','request',NULL,NULL,0),
	(25,'私密','',NULL,1,2,'2010-08-15 01:05:23','2010-08-15 01:05:23','private','request',NULL,NULL,0),
	(26,'私密','',NULL,1,2,'2010-08-15 01:05:26','2010-08-15 01:05:26','private','request',NULL,NULL,0),
	(27,'私密','',NULL,1,2,'2010-08-15 01:05:28','2010-08-15 01:05:28','private','request',NULL,NULL,0),
	(28,'私密','',NULL,1,2,'2010-08-15 01:05:30','2010-08-15 01:05:30','private','request',NULL,NULL,0),
	(29,'未满知','',NULL,1,2,'2010-08-15 20:41:33','2010-08-16 23:45:17','public','request',NULL,NULL,0),
	(30,'哈哈哈','',NULL,3,2,'2010-08-16 13:19:55','2010-08-16 13:19:55','private','request',NULL,NULL,0),
	(31,'公司1','',NULL,2,22,'2010-08-20 16:50:47','2010-08-20 16:50:47','public','request',NULL,NULL,0),
	(32,'神奇小组','',NULL,1,22,'2010-08-27 22:41:53','2010-08-27 22:41:53','public','request',NULL,NULL,0),
	(33,'abc俱乐部','',NULL,1,30,'2010-08-30 16:27:34','2010-08-30 16:27:34','public','request',NULL,NULL,0),
	(34,'哈哈哈笑','',NULL,1,30,'2010-08-30 16:53:11','2010-08-30 16:53:11','public','request',NULL,NULL,0),
	(35,'哈哈哈笑','',NULL,1,30,'2010-08-30 16:54:24','2010-08-30 16:54:24','public','request',NULL,NULL,0),
	(36,'asdf','',NULL,1,30,'2010-08-30 16:54:33','2010-08-30 16:54:33','public','request',NULL,NULL,0),
	(37,'sdf','',NULL,1,30,'2010-08-30 16:55:45','2010-08-30 16:55:45','public','request',NULL,NULL,0),
	(38,'sdf','',NULL,1,30,'2010-08-30 16:57:28','2010-08-30 16:57:28','public','request',NULL,NULL,0),
	(39,'我阿','',NULL,1,30,'2010-08-30 16:57:48','2010-08-30 16:57:48','public','request',NULL,NULL,0),
	(40,'萨芬的','',NULL,1,30,'2010-08-30 16:58:16','2010-08-30 16:58:16','public','request',NULL,NULL,0),
	(41,'恶完全','',NULL,1,30,'2010-08-30 16:59:17','2010-08-30 16:59:17','public','request',NULL,NULL,0),
	(42,'美BC','',NULL,3,2,'2010-09-01 19:32:22','2010-09-01 19:32:22','public','request',NULL,0,0),
	(43,'我我我','',NULL,1,2,'2010-09-01 19:37:35','2010-09-01 19:37:35','public','request',NULL,0,0),
	(44,'妈妈','',NULL,2,2,'2010-09-02 11:26:16','2010-09-02 11:26:16','public','everyone',NULL,0,0),
	(45,'私密尝试','',NULL,1,30,'2010-09-02 23:57:35','2010-09-02 23:57:35','private','request',NULL,0,0),
	(46,'private group','',NULL,1,3,'2010-09-19 10:20:58','2010-09-19 10:20:58','private','request',NULL,0,0),
	(47,'北师珠·赛扶','',NULL,3,2,'2010-10-23 11:36:09','2010-10-23 11:36:44','public','everyone',NULL,1,0),
	(29673241,'果ID试试嘛','',NULL,1,64984763,'2011-01-30 22:17:35','2011-01-30 22:17:35','public','request',NULL,0,0),
	(419444909,'kk 哦可','',NULL,1,316394498,'2011-02-05 13:30:45','2011-02-05 13:30:45','public','request',NULL,0,0),
	(208555728,'江门零智能','',NULL,1,2,'2011-02-09 21:16:54','2011-02-09 21:16:54','public','everyone',NULL,0,0);

/*!40000 ALTER TABLE `kk_group` ENABLE KEYS */;
UNLOCK TABLES;


# Dump of table kk_group_category
# ------------------------------------------------------------

DROP TABLE IF EXISTS `kk_group_category`;

CREATE TABLE `kk_group_category` (
  `id` int(11) NOT NULL AUTO_INCREMENT,
  `name` varchar(45) DEFAULT NULL,
  `parent_id` int(11) NOT NULL DEFAULT '0',
  PRIMARY KEY (`id`)
) ENGINE=MyISAM AUTO_INCREMENT=4 DEFAULT CHARSET=utf8;

LOCK TABLES `kk_group_category` WRITE;
/*!40000 ALTER TABLE `kk_group_category` DISABLE KEYS */;
INSERT INTO `kk_group_category` (`id`,`name`,`parent_id`)
VALUES
	(1,'中文',0),
	(2,'企业',0),
	(3,'校园',0);

/*!40000 ALTER TABLE `kk_group_category` ENABLE KEYS */;
UNLOCK TABLES;


# Dump of table kk_group_topic
# ------------------------------------------------------------

DROP TABLE IF EXISTS `kk_group_topic`;

CREATE TABLE `kk_group_topic` (
  `id` int(11) NOT NULL AUTO_INCREMENT,
  `title` varchar(255) DEFAULT '',
  `content` text,
  `group_id` int(11) DEFAULT NULL,
  `user_id` int(11) DEFAULT NULL,
  `created` datetime DEFAULT NULL,
  `modified` timestamp NULL DEFAULT CURRENT_TIMESTAMP ON UPDATE CURRENT_TIMESTAMP,
  PRIMARY KEY (`id`)
) ENGINE=MyISAM AUTO_INCREMENT=43 DEFAULT CHARSET=utf8;

LOCK TABLES `kk_group_topic` WRITE;
/*!40000 ALTER TABLE `kk_group_topic` DISABLE KEYS */;
INSERT INTO `kk_group_topic` (`id`,`title`,`content`,`group_id`,`user_id`,`created`,`modified`)
VALUES
	(1,'adsf','sadffds',17,2,'2010-08-13 13:27:05','2010-08-13 13:27:05'),
	(2,'adsf','sadffds',17,2,'2010-08-13 13:27:21','2010-08-13 13:27:21'),
	(3,'新的哦','究竟点解阿？究竟点解阿？究竟点解阿？究竟点解阿？究竟点解阿？究竟点解阿？究竟点解阿？究竟点解阿？究竟点解阿？究竟点解阿？究竟点解阿？究竟点解阿？究竟点解阿？究竟点解阿？究竟点解阿？究竟点解阿？究竟点解阿？究竟点解阿？究竟点解阿？究竟点解阿？究竟点解阿？究竟点解阿？究竟点解阿？究竟点解阿？究竟点解阿？究竟点解阿？究竟点解阿？究竟点解阿？究竟点解阿？究竟点解阿？究竟点解阿？究竟点解阿？究竟点解阿？究竟点解阿？究竟点解阿？究竟点解阿？究竟点解阿？究竟点解阿？究竟点解阿？究竟点解阿？究竟点解阿？究竟点解阿？究竟点究竟点解阿？究竟点解阿？究竟点解阿？究竟点解阿？究竟点解阿？究竟点解阿？究竟点解阿？究竟点解阿？究竟点解阿？究竟点解阿？究竟点解阿？究竟点解阿？究竟点解阿？究竟点解阿？究竟点解阿？究竟点解阿？究竟点解阿？究竟点解阿？究竟点解阿？究竟点解阿？究竟点解阿？究竟点解阿？究竟点解阿？究竟点解阿？究竟点解阿？究竟点解阿？究竟点解阿？究竟点解阿？究竟点解阿？究竟点解阿？究竟点解阿？究竟点解阿？究竟点解阿？究竟点解阿？究竟点解阿？究竟点解阿？究竟点解阿？究竟点解阿？究竟点解阿？究竟点解阿？究竟点解阿？究竟点解阿？究竟点究竟点解阿？究竟点解阿？究竟点解阿？究竟点解阿？究竟点解阿？究竟点解阿？究竟点解阿？究竟点解阿？究竟点解阿？究竟点解阿？究竟点解阿？究竟点解阿？究竟点解阿？究竟点解阿？究竟点解阿？究竟点解阿？究竟点解阿？究竟点解阿？究竟点解阿？究竟点解阿？究竟点解阿？究竟点解阿？究竟点解阿？究竟点解阿？究竟点解阿？究竟点解阿？究竟点解阿？究竟点解阿？究竟点解阿？究竟点解阿？究竟点解阿？究竟点解阿？究竟点解阿？究竟点解阿？究竟点解阿？究竟点解阿？究竟点解阿？究竟点解阿？究竟点解阿？究竟点解阿？究竟点解阿？究竟点解阿？究竟点究竟点解阿？究竟点解阿？究竟点解阿？究竟点解阿？究竟点解阿？究竟点解阿？究竟点解阿？究竟点解阿？究竟点解阿？究竟点解阿？究竟点解阿？究竟点解阿？究竟点解阿？究竟点解阿？究竟点解阿？究竟点解阿？究竟点解阿？究竟点解阿？究竟点解阿？究竟点解阿？究竟点解阿？究竟点解阿？究竟点解阿？究竟点解阿？究竟点解阿？究竟点解阿？究竟点解阿？究竟点解阿？究竟点解阿？究竟点解阿？究竟点解阿？究竟点解阿？究竟点解阿？究竟点解阿？究竟点解阿？究竟点解阿？究竟点解阿？究竟点解阿？究竟点解阿？究竟点解阿？究竟点解阿？究竟点解阿？究竟点究竟点解阿？究竟点解阿？究竟点解阿？究竟点解阿？究竟点解阿？究竟点解阿？究竟点解阿？究竟点解阿？究竟点解阿？究竟点解阿？究竟点解阿？究竟点解阿？究竟点解阿？究竟点解阿？究竟点解阿？究竟点解阿？究竟点解阿？究竟点解阿？究竟点解阿？究竟点解阿？究竟点解阿？究竟点解阿？究竟点解阿？究竟点解阿？究竟点解阿？究竟点解阿？究竟点解阿？究竟点解阿？究竟点解阿？究竟点解阿？究竟点解阿？究竟点解阿？究竟点解阿？究竟点解阿？究竟点解阿？究竟点解阿？究竟点解阿？究竟点解阿？究竟点解阿？究竟点解阿？究竟点解阿？究竟点解阿？究竟点',17,2,'2010-08-13 13:32:28','2010-08-13 13:55:15'),
	(4,'qqqq','qweqwe',17,2,'2010-08-13 13:36:07','2010-08-13 13:36:07'),
	(5,'哇哇','我 万恶万恶人撒地方收到翻',3,2,'2010-08-13 13:37:47','2010-08-13 13:37:47'),
	(6,'asdf','sfd',3,2,'2010-08-13 13:43:22','2010-08-13 13:43:22'),
	(7,'a','aa',3,2,'2010-08-13 13:43:44','2010-08-13 13:43:44'),
	(8,'专业','专业阿',3,2,'2010-08-13 13:44:22','2010-08-13 13:44:22'),
	(9,'dasfsadf','asdf',3,2,'2010-08-13 13:51:49','2010-08-13 13:51:49'),
	(10,'哈哈','不会吧',1,2,'2010-08-13 13:54:30','2010-08-13 13:54:30'),
	(11,'社呢们阿','阿斯顿发的萨芬',18,2,'2010-08-13 13:56:36','2010-08-13 13:56:36'),
	(12,'sdf','sadfsdf',3,2,'2010-08-13 15:45:07','2010-08-13 15:45:07'),
	(13,'hahha','asdfsfd',1,2,'2010-08-13 17:14:22','2010-08-13 17:14:22'),
	(14,'tsadf','sadf',1,2,'2010-08-14 15:10:06','2010-08-14 15:10:06'),
	(15,'不是这样的','<p>\n &nbsp;</p>\n<div style=\"font-family: Arial, Verdana, sans-serif; font-size: 12px; color: rgb(34, 34, 34); background-color: rgb(255, 255, 255); \">\n <h3 style=\"color:red;\">\n  一个月黑风高的夜晚。。。一个月黑风高的夜晚。。。一个月黑风高的夜晚。。。一个月黑风高的夜晚。。。</h3>\n</div>',1,2,'2010-08-23 08:12:15','2010-08-23 08:12:15'),
	(16,'不行这样啦','<p>\n 有人话先来无事````</p>',1,2,'2010-08-23 08:29:47','2010-08-23 08:29:47'),
	(17,'出生于年月日。。阿斯顿发！！','<h3 style=\"color:blue;\">\n 出生于年月日。。阿斯顿发！！<sub>出生于年月日。。阿斯顿发！！士大夫翻萨芬士大夫翻第三方萨芬的czv</sub></h3>',1,2,'2010-08-23 10:56:10','2010-08-23 10:56:10'),
	(18,'乜回事``','<p>\n 唔知道啦～崩溃啦````</p>',16,22,'2010-08-23 16:27:02','2010-08-23 16:27:02'),
	(19,'为什么这样子','<p>\n 貌似未加入群组，也可以发文章哦</p>',8,2,'2010-08-23 17:08:34','2010-08-23 17:08:34'),
	(20,'我是阿','<p>\n Kelllllll</p>',4,2,'2010-08-27 18:25:13','2010-08-27 18:25:13'),
	(21,'其实我也行的','<p>\n asdf !!是吧？</p>',1,30,'2010-08-30 21:21:05','2010-08-30 21:21:05'),
	(22,'尝试阿','<p>\n &nbsp;</p>\n<div style=\"font-family: Arial, Verdana, sans-serif; font-size: 12px; color: rgb(34, 34, 34); background-color: rgb(255, 255, 255); \">\n <p>\n  尝试阿尝试阿尝试阿尝试阿尝试阿尝试阿尝试阿尝试阿尝试阿尝试阿尝试阿尝试阿尝试阿尝试阿尝试阿尝试阿尝试阿尝试阿尝试阿尝试阿尝试阿尝试阿尝试阿尝试阿尝试阿尝试阿尝试阿尝试阿尝试阿尝试阿尝试阿尝试阿尝试阿尝试阿尝试阿尝试阿尝试阿尝试阿尝试阿尝试阿尝试阿尝试阿尝试阿尝试阿尝试阿尝试阿尝试阿尝试阿尝试阿尝试阿尝试阿尝试阿尝试阿尝试阿尝试阿尝试阿尝试阿尝试阿尝试阿尝试阿尝试阿尝试阿尝试阿尝试阿尝试阿尝试阿尝试阿尝试阿尝试阿尝试阿尝试阿尝试阿尝试阿尝试阿尝试阿尝试阿尝试阿尝试阿尝试阿尝试阿尝试阿尝试阿尝试阿尝试阿尝试阿尝试阿尝试阿尝试阿尝试阿尝试阿尝试阿尝试阿尝试阿尝试阿尝试阿尝试阿尝试阿尝试阿尝试阿尝试阿尝试阿尝试阿尝试阿尝试阿尝试阿尝试阿尝试阿尝试阿尝试阿尝试阿尝试阿尝试阿尝试阿尝试阿尝试阿尝试阿尝试阿尝试阿尝试阿尝试阿尝试阿尝试阿尝试阿尝试阿尝试阿尝试阿尝试阿尝试阿</p>\n</div>',1,30,'2010-08-30 21:49:29','2010-08-30 21:51:06'),
	(23,'通知','<p>\n 你们很牛</p>',41,30,'2010-08-30 22:36:50','2010-08-30 22:36:50'),
	(24,'不是的','<p>\n 大家要做好准备</p>',1,2,'2010-09-02 00:25:42','2010-09-02 00:25:42'),
	(25,'吗亚','<p>\n 啊都是发</p>',14,2,'2010-09-02 00:32:08','2010-09-02 00:32:08'),
	(26,'工作明细','<p>\n &nbsp;</p>\n&lt;meta charset=\"utf-8\" /&gt;\n<div style=\"font-family: Arial, Verdana, sans-serif; font-size: 12px; color: rgb(34, 34, 34); background-color: rgb(255, 255, 255); \">\n <p>\n  大家要做好这次工作啊！大家要做好这次工作啊！大家要做好这次工作啊！大家要做好这次工作啊！大家要做好这次工作啊！大家要做好这次工作啊！大家要做好这次工作啊！大家要做好这次工作啊！大家要做好这次工作啊！大家要做好这次工作啊！</p>\n</div>\n&lt;meta charset=\"utf-8\" /&gt;\n&lt;meta charset=\"utf-8\" /&gt;\n&lt;meta charset=\"utf-8\" /&gt;\n&lt;meta charset=\"utf-8\" /&gt;\n&lt;meta charset=\"utf-8\" /&gt;\n&lt;meta charset=\"utf-8\" /&gt;\n&lt;meta charset=\"utf-8\" /&gt;\n&lt;meta charset=\"utf-8\" /&gt;\n&lt;meta charset=\"utf-8\" /&gt;',14,2,'2010-09-02 00:33:01','2010-09-02 00:33:01'),
	(27,'这个假期..我们去哪玩？','<p>\n 这个假期..我们去哪玩？这个假期..我们去哪玩？</p>',1,2,'2010-09-02 20:33:25','2010-09-02 20:33:25'),
	(28,'阿我打算','<p>\n 阿浮动</p>',1,2,'2010-09-03 14:38:43','2010-09-03 14:38:43'),
	(29,'新话题用于测试','<p>\n 是否</p>',1,32,'2010-09-03 18:55:38','2010-09-03 18:55:38'),
	(30,'哈哈','<p>\n a生栋覆屋呃</p>',1,32,'2010-09-10 13:06:13','2010-09-10 13:06:13'),
	(31,'夸张','<p>\n adfasdf</p>',1,3,'2010-09-19 09:55:04','2010-09-19 09:55:04'),
	(32,'贝贝项目实践法则','<p>\n 贝贝项目实践法则贝贝项目实践法则贝贝项目实践法则贝贝项目实践法则</p>',1,2,'2010-09-21 14:31:10','2010-09-21 14:31:10'),
	(33,'权限设置～～','<p>\n &nbsp;</p>\n<p>\n 权限设置～～权限设置～～权限设置～～</p>',1,42,'2010-09-21 14:50:21','2010-09-21 14:50:21'),
	(34,'与其这样，不如那样','<p>\n ~</p>',47,2,'2010-10-23 12:53:05','2010-10-23 12:53:05'),
	(35,'还有很多地方需要改进','<p>\n 这个网站还有很多地方需要改进。</p>\n<p>\n &nbsp;</p>\n<p>\n 起码多一万行代码才初见成效</p>',1,2,'2010-11-08 13:58:03','2010-11-08 13:58:03'),
	(36,'我给力吧?','<p>\n 这个小网站,给力吧?</p>',1,2,'2010-11-08 19:43:51','2010-11-08 19:43:51'),
	(37,'明天开会,如何','<p>\n 好不好阿</p>',1,44,'2010-11-13 16:39:34','2010-11-13 16:39:34'),
	(38,'非即时性','<p>\n 明天要做作业, 作业是几页到几页~</p>',1,2,'2010-11-17 22:48:43','2010-11-17 22:48:43'),
	(39,'得喔～','<p>\n 哈哈</p>',1,64984763,'2011-01-30 23:12:14','2011-01-30 23:12:14'),
	(40,NULL,'<p>\n 萨福士大夫</p>',1,2,'2011-01-31 01:46:13','2011-01-31 01:46:13'),
	(41,NULL,'很长很长很长很长很长很长很长很长很长很长很长很长很长很长很长很长很长很长很长',1,2,'2011-02-01 00:30:45','2011-02-01 00:30:45'),
	(42,NULL,'很长很长很长很长很长很长很长很长很长很长很长很长很长很长很长很长很长很长很长很长很长很长很长很长很长很长很长很长很长很长很长很长很长很长很长很长很长很长很长很长很长很长很长很长很长很长很长很长很长很长很长很长很长很长很长很长很长很长很长很长很长很长很长很长很长很长很长很长很长很长很长很长很长很长很长很长很长很长很长很长很长很长很长很长很长很长很长很长很长很长很长很长很长很长很长很长很长很长很长很长很长很长很长很长很长很长很长很长很长很长很长很长很长很长很长很长很长很长很长很长很长很长很长很长很长很长很长很长很长很长很长很长很长很长很长很长很长很长很长很长很长很长很长很长很长很长很长很长很长很长很长很长很长很长很长很长很长很长很长很长很长很长很长很长很长很长很长很长很长很长很长很长很长很长很长很长很长很长很长很长很长很长很长很长很长很长很长很长很长很长很长很长很长很长很长很长很长很长很长很长很长很长很长很长很长很长很长很长很长很长很长很长很长很长很长很长很长很长很长很长很长很长很长很长很长很长很长很长很长很长很长很长很长很长很长很长很长很长很长很长很长很长很长很长很长很长很长',1,2,'2011-02-01 00:30:59','2011-02-01 00:30:59');

/*!40000 ALTER TABLE `kk_group_topic` ENABLE KEYS */;
UNLOCK TABLES;


# Dump of table kk_group_user
# ------------------------------------------------------------

DROP TABLE IF EXISTS `kk_group_user`;

CREATE TABLE `kk_group_user` (
  `id` int(11) NOT NULL AUTO_INCREMENT,
  `group_id` int(11) NOT NULL,
  `user_id` int(11) NOT NULL,
  `user_role` varchar(255) DEFAULT NULL,
  `group_nickname` varchar(45) DEFAULT NULL,
  `energy` int(11) DEFAULT NULL,
  `created` datetime DEFAULT NULL,
  `modified` timestamp NULL DEFAULT CURRENT_TIMESTAMP ON UPDATE CURRENT_TIMESTAMP,
  PRIMARY KEY (`id`),
  KEY `fk_kk_groups_has_kk_users_kk_groups1` (`group_id`),
  KEY `fk_kk_groups_has_kk_users_kk_users1` (`user_id`)
) ENGINE=MyISAM AUTO_INCREMENT=121 DEFAULT CHARSET=utf8;

LOCK TABLES `kk_group_user` WRITE;
/*!40000 ALTER TABLE `kk_group_user` DISABLE KEYS */;
INSERT INTO `kk_group_user` (`id`,`group_id`,`user_id`,`user_role`,`group_nickname`,`energy`,`created`,`modified`)
VALUES
	(55,14,2,'admin',NULL,NULL,'2010-08-09 23:48:19','2010-08-09 23:48:19'),
	(56,15,2,'admin',NULL,NULL,'2010-08-10 13:17:19','2010-08-10 13:17:19'),
	(57,1,2,'admin','',NULL,'2010-08-10 13:21:36','2010-08-20 17:35:59'),
	(58,16,2,'admin',NULL,NULL,'2010-08-10 17:36:47','2010-08-10 17:36:47'),
	(59,17,2,'admin',NULL,NULL,'2010-08-11 16:07:40','2010-08-11 16:07:40'),
	(66,17,7,'member',NULL,NULL,'2010-08-12 14:30:26','2010-08-12 14:30:26'),
	(65,15,5,'member',NULL,NULL,'2010-08-12 14:30:23','2010-08-12 14:30:23'),
	(67,17,5,'member',NULL,NULL,'2010-08-12 14:30:28','2010-08-12 14:30:28'),
	(68,15,6,'member',NULL,NULL,'2010-08-12 14:30:29','2010-08-12 14:30:29'),
	(69,14,5,'member',NULL,NULL,'2010-08-12 14:30:31','2010-08-12 14:30:31'),
	(70,18,2,'admin',NULL,NULL,'2010-08-13 13:56:11','2010-08-13 13:56:11'),
	(71,19,2,'admin',NULL,NULL,'2010-08-13 13:56:15','2010-08-13 13:56:15'),
	(72,20,2,'admin',NULL,NULL,'2010-08-13 15:05:22','2010-08-13 15:05:22'),
	(73,21,2,'admin',NULL,NULL,'2010-08-13 17:33:44','2010-08-13 17:33:44'),
	(74,22,2,'admin',NULL,NULL,'2010-08-13 17:35:35','2010-08-13 17:35:35'),
	(75,23,2,'admin',NULL,NULL,'2010-08-15 01:05:17','2010-08-15 01:05:17'),
	(76,24,2,'admin',NULL,NULL,'2010-08-15 01:05:21','2010-08-15 01:05:21'),
	(77,25,2,'admin',NULL,NULL,'2010-08-15 01:05:23','2010-08-15 01:05:23'),
	(78,26,2,'admin',NULL,NULL,'2010-08-15 01:05:26','2010-08-15 01:05:26'),
	(79,27,2,'admin',NULL,NULL,'2010-08-15 01:05:28','2010-08-15 01:05:28'),
	(80,28,2,'admin',NULL,NULL,'2010-08-15 01:05:30','2010-08-15 01:05:30'),
	(81,29,2,'admin',NULL,NULL,'2010-08-15 20:41:33','2010-08-15 20:41:33'),
	(82,30,2,'admin',NULL,NULL,'2010-08-16 13:19:55','2010-08-16 13:19:55'),
	(84,1,22,'member','',NULL,'2010-08-20 16:39:44','2010-08-20 16:39:44'),
	(85,31,22,'admin',NULL,NULL,'2010-08-20 16:50:47','2010-08-20 16:50:47'),
	(86,1,24,'member','',NULL,'2010-08-23 16:49:33','2010-08-23 16:49:33'),
	(87,19,24,'member',NULL,NULL,'2010-08-23 17:06:52','2010-08-23 17:06:52'),
	(88,32,22,'admin',NULL,NULL,'2010-08-27 22:41:53','2010-08-27 22:41:53'),
	(89,1,30,'member','',NULL,'2010-08-30 16:27:09','2010-08-30 16:27:09'),
	(90,33,30,'admin',NULL,NULL,'2010-08-30 16:27:34','2010-08-30 16:27:34'),
	(91,33,2,'member',NULL,NULL,'2010-08-30 16:28:29','2010-08-30 16:28:29'),
	(92,34,30,'admin',NULL,NULL,'2010-08-30 16:53:11','2010-08-30 16:53:11'),
	(93,35,30,'admin',NULL,NULL,'2010-08-30 16:54:24','2010-08-30 16:54:24'),
	(94,36,30,'admin',NULL,NULL,'2010-08-30 16:54:33','2010-08-30 16:54:33'),
	(95,37,30,'admin',NULL,NULL,'2010-08-30 16:55:45','2010-08-30 16:55:45'),
	(96,38,30,'admin',NULL,NULL,'2010-08-30 16:57:28','2010-08-30 16:57:28'),
	(97,39,30,'admin',NULL,NULL,'2010-08-30 16:57:48','2010-08-30 16:57:48'),
	(98,40,30,'admin',NULL,NULL,'2010-08-30 16:58:16','2010-08-30 16:58:16'),
	(99,41,30,'admin',NULL,NULL,'2010-08-30 16:59:17','2010-08-30 16:59:17'),
	(100,42,2,'admin',NULL,NULL,'2010-09-01 19:32:22','2010-09-01 19:32:22'),
	(101,43,2,'admin',NULL,NULL,'2010-09-01 19:37:35','2010-09-01 19:37:35'),
	(102,44,2,'admin',NULL,NULL,'2010-09-02 11:26:16','2010-09-02 11:26:16'),
	(103,40,2,'member',NULL,NULL,'2010-09-02 13:52:40','2010-09-02 13:52:40'),
	(104,45,30,'admin',NULL,NULL,'2010-09-02 23:57:35','2010-09-02 23:57:35'),
	(105,1,32,'member','',NULL,'2010-09-03 17:51:45','2010-09-03 17:51:45'),
	(106,1,3,'member','',NULL,'2010-09-19 09:14:44','2010-09-19 09:14:44'),
	(107,46,3,'admin',NULL,NULL,'2010-09-19 10:20:58','2010-09-19 10:20:58'),
	(108,1,42,'member','',NULL,'2010-09-21 14:42:43','2010-09-21 14:42:43'),
	(109,47,2,'admin',NULL,NULL,'2010-10-23 11:36:09','2010-10-23 11:36:09'),
	(110,1,44,'member','',NULL,'2010-11-12 23:23:15','2010-11-12 23:23:15'),
	(111,1,45,'member','',NULL,'2010-11-12 23:40:45','2010-11-12 23:40:45'),
	(112,1,46,'member','',NULL,'2010-11-17 23:05:59','2010-11-17 23:05:59'),
	(113,1,47,'member','',NULL,'2011-01-02 15:45:43','2011-01-02 15:45:43'),
	(114,1,64984763,'member','',NULL,'2011-01-30 22:11:08','2011-01-30 22:11:08'),
	(115,29673241,64984763,'admin',NULL,NULL,'2011-01-30 22:17:35','2011-01-30 22:17:35'),
	(116,47,935231305,'member','',NULL,'2011-02-03 18:33:26','2011-02-03 18:33:26'),
	(117,1,935231305,'member','',NULL,'2011-02-03 23:23:21','2011-02-03 23:23:21'),
	(118,419444909,316394498,'admin',NULL,NULL,'2011-02-05 13:30:45','2011-02-05 13:30:45'),
	(119,208555728,2,'admin',NULL,NULL,'2011-02-09 21:16:54','2011-02-09 21:16:54'),
	(120,1,316394498,'member','',NULL,'2011-02-10 19:06:14','2011-02-10 19:06:14');

/*!40000 ALTER TABLE `kk_group_user` ENABLE KEYS */;
UNLOCK TABLES;


# Dump of table kk_log
# ------------------------------------------------------------

DROP TABLE IF EXISTS `kk_log`;

CREATE TABLE `kk_log` (
  `id` int(11) NOT NULL AUTO_INCREMENT,
  `url` varchar(255) DEFAULT NULL,
  `message` varchar(255) DEFAULT NULL,
  `ip` varchar(255) DEFAULT NULL,
  `created` datetime DEFAULT NULL,
  PRIMARY KEY (`id`)
) ENGINE=MyISAM AUTO_INCREMENT=3 DEFAULT CHARSET=utf8;

LOCK TABLES `kk_log` WRITE;
/*!40000 ALTER TABLE `kk_log` DISABLE KEYS */;
INSERT INTO `kk_log` (`id`,`url`,`message`,`ip`,`created`)
VALUES
	(1,'/kiwiguo/request/group/21/accept.shtml','request出错了，可能存在隐患','127.0.0.1','0000-00-00 00:00:00'),
	(2,'/kiwiguo/request/group/21/accept.shtml','request重复出现，但用户已加入过了！','127.0.0.1','2010-08-12 14:50:14');

/*!40000 ALTER TABLE `kk_log` ENABLE KEYS */;
UNLOCK TABLES;


# Dump of table kk_login_attempts
# ------------------------------------------------------------

DROP TABLE IF EXISTS `kk_login_attempts`;

CREATE TABLE `kk_login_attempts` (
  `id` int(11) NOT NULL AUTO_INCREMENT,
  `ip_address` varchar(40) CHARACTER SET utf8 COLLATE utf8_bin NOT NULL,
  `login` varchar(50) CHARACTER SET utf8 COLLATE utf8_bin NOT NULL,
  `time` timestamp NOT NULL DEFAULT CURRENT_TIMESTAMP ON UPDATE CURRENT_TIMESTAMP,
  PRIMARY KEY (`id`)
) ENGINE=MyISAM AUTO_INCREMENT=65 DEFAULT CHARSET=utf8;



# Dump of table kk_notice
# ------------------------------------------------------------

DROP TABLE IF EXISTS `kk_notice`;

CREATE TABLE `kk_notice` (
  `id` int(11) NOT NULL AUTO_INCREMENT,
  `content` varchar(255) DEFAULT NULL,
  `link` varchar(255) DEFAULT NULL,
  `user_id` int(11) DEFAULT NULL,
  `status` varchar(255) DEFAULT NULL,
  `type` varchar(255) DEFAULT NULL,
  `model` varchar(255) DEFAULT NULL,
  `model_id` int(11) DEFAULT NULL,
  `created` datetime DEFAULT NULL,
  `modified` timestamp NULL DEFAULT CURRENT_TIMESTAMP ON UPDATE CURRENT_TIMESTAMP,
  PRIMARY KEY (`id`)
) ENGINE=MyISAM DEFAULT CHARSET=utf8;



# Dump of table kk_option
# ------------------------------------------------------------

DROP TABLE IF EXISTS `kk_option`;

CREATE TABLE `kk_option` (
  `id` int(11) DEFAULT NULL
) ENGINE=MyISAM DEFAULT CHARSET=utf8;



# Dump of table kk_option_custom_website
# ------------------------------------------------------------

DROP TABLE IF EXISTS `kk_option_custom_website`;

CREATE TABLE `kk_option_custom_website` (
  `id` int(11) NOT NULL,
  `website_name` varchar(45) CHARACTER SET latin1 DEFAULT NULL,
  `website_slug` varchar(255) DEFAULT NULL,
  `website_url` varchar(45) CHARACTER SET latin1 DEFAULT NULL,
  `website_logo` varchar(45) CHARACTER SET latin1 DEFAULT NULL,
  PRIMARY KEY (`id`)
) ENGINE=MyISAM DEFAULT CHARSET=utf8;



# Dump of table kk_option_home_piccs
# ------------------------------------------------------------

DROP TABLE IF EXISTS `kk_option_home_piccs`;

CREATE TABLE `kk_option_home_piccs` (
  `id` int(11) DEFAULT NULL
) ENGINE=MyISAM DEFAULT CHARSET=utf8;



# Dump of table kk_relation
# ------------------------------------------------------------

DROP TABLE IF EXISTS `kk_relation`;

CREATE TABLE `kk_relation` (
  `id` int(11) NOT NULL AUTO_INCREMENT,
  `from_id` int(11) DEFAULT NULL,
  `to_id` int(11) DEFAULT NULL,
  `model` varchar(255) DEFAULT NULL,
  `model_id` int(11) DEFAULT NULL,
  `relation` varchar(255) DEFAULT NULL,
  `created` datetime DEFAULT NULL,
  `modified` timestamp NULL DEFAULT CURRENT_TIMESTAMP ON UPDATE CURRENT_TIMESTAMP,
  PRIMARY KEY (`id`)
) ENGINE=MyISAM AUTO_INCREMENT=39 DEFAULT CHARSET=utf8;

LOCK TABLES `kk_relation` WRITE;
/*!40000 ALTER TABLE `kk_relation` DISABLE KEYS */;
INSERT INTO `kk_relation` (`id`,`from_id`,`to_id`,`model`,`model_id`,`relation`,`created`,`modified`)
VALUES
	(3,0,0,'user',0,'','2011-01-31 15:59:25','2011-01-31 15:59:25'),
	(4,0,0,'user',0,'','2011-01-31 15:59:27','2011-01-31 15:59:27'),
	(5,2,NULL,'user',NULL,'','2011-01-31 16:06:22','2011-01-31 16:06:22'),
	(17,540458466,2,'user',NULL,'','2011-02-01 02:29:06','2011-02-01 02:29:06'),
	(7,46,2,'user',NULL,'','2011-01-31 16:06:27','2011-02-01 02:24:06'),
	(8,2,8,'user',NULL,'','2011-01-31 16:09:57','2011-01-31 16:09:57'),
	(11,64984763,2,'user',NULL,'','2011-02-01 02:06:34','2011-02-01 02:06:47'),
	(31,2,46,'user',NULL,'','2011-02-02 02:19:22','2011-02-02 02:19:22'),
	(26,2,540458466,'user',NULL,'','2011-02-01 03:04:31','2011-02-01 03:04:31'),
	(29,2,3,'user',NULL,'','2011-02-01 12:44:25','2011-02-01 12:44:25'),
	(30,2,44,'user',NULL,'','2011-02-01 13:06:33','2011-02-01 13:06:33'),
	(32,383314932,2,'user',NULL,'','2011-02-02 02:23:01','2011-02-02 02:23:01'),
	(38,2,64984763,'user',NULL,'','2011-02-10 15:58:17','2011-02-10 15:58:17'),
	(34,935231305,2,'user',NULL,'','2011-02-03 18:00:53','2011-02-03 18:00:53'),
	(35,667464021,2,'user',NULL,'','2011-02-06 00:06:51','2011-02-06 00:06:51'),
	(37,2,667464021,'user',NULL,'','2011-02-09 20:11:32','2011-02-09 20:11:32');

/*!40000 ALTER TABLE `kk_relation` ENABLE KEYS */;
UNLOCK TABLES;


# Dump of table kk_relation_mutual
# ------------------------------------------------------------

DROP TABLE IF EXISTS `kk_relation_mutual`;

CREATE TABLE `kk_relation_mutual` (
  `id` int(11) NOT NULL AUTO_INCREMENT,
  `model_id` int(11) DEFAULT NULL,
  `mutual_id` int(11) DEFAULT NULL,
  `model` varchar(255) DEFAULT NULL,
  `created` datetime DEFAULT NULL,
  `modified` timestamp NULL DEFAULT CURRENT_TIMESTAMP ON UPDATE CURRENT_TIMESTAMP,
  PRIMARY KEY (`id`)
) ENGINE=MyISAM AUTO_INCREMENT=10 DEFAULT CHARSET=utf8;

LOCK TABLES `kk_relation_mutual` WRITE;
/*!40000 ALTER TABLE `kk_relation_mutual` DISABLE KEYS */;
INSERT INTO `kk_relation_mutual` (`id`,`model_id`,`mutual_id`,`model`,`created`,`modified`)
VALUES
	(3,2,540458466,'user','0000-00-00 00:00:00','2011-02-01 03:04:31'),
	(5,2,46,'user','0000-00-00 00:00:00','2011-02-02 02:19:22'),
	(9,2,64984763,'user','0000-00-00 00:00:00','2011-02-10 15:58:17'),
	(8,2,667464021,'user','0000-00-00 00:00:00','2011-02-09 20:11:32');

/*!40000 ALTER TABLE `kk_relation_mutual` ENABLE KEYS */;
UNLOCK TABLES;


# Dump of table kk_request_friends
# ------------------------------------------------------------

DROP TABLE IF EXISTS `kk_request_friends`;

CREATE TABLE `kk_request_friends` (
  `id` int(11) NOT NULL AUTO_INCREMENT,
  `from_user_id` int(11) DEFAULT NULL,
  `to_user_id` int(11) DEFAULT NULL,
  `message` varchar(255) DEFAULT NULL,
  `status` varchar(255) DEFAULT NULL,
  PRIMARY KEY (`id`)
) ENGINE=MyISAM DEFAULT CHARSET=utf8;



# Dump of table kk_request_group
# ------------------------------------------------------------

DROP TABLE IF EXISTS `kk_request_group`;

CREATE TABLE `kk_request_group` (
  `id` int(11) NOT NULL AUTO_INCREMENT,
  `user_id` int(11) DEFAULT NULL,
  `group_id` varchar(255) DEFAULT NULL,
  `message` varchar(255) DEFAULT NULL,
  `status` varchar(255) DEFAULT NULL,
  `created` datetime DEFAULT NULL,
  `modified` timestamp NULL DEFAULT CURRENT_TIMESTAMP ON UPDATE CURRENT_TIMESTAMP,
  PRIMARY KEY (`id`)
) ENGINE=MyISAM AUTO_INCREMENT=32 DEFAULT CHARSET=utf8;

LOCK TABLES `kk_request_group` WRITE;
/*!40000 ALTER TABLE `kk_request_group` DISABLE KEYS */;
INSERT INTO `kk_request_group` (`id`,`user_id`,`group_id`,`message`,`status`,`created`,`modified`)
VALUES
	(1,2,'4','我要加入！','waiting',NULL,NULL),
	(2,2,'8','','waiting','2010-08-09 22:23:34','2010-08-09 22:23:34'),
	(17,5,'15','我要加入！','accept','2010-08-10 13:44:21','2010-08-12 14:30:23'),
	(16,2,'11','trying！！','waiting','2010-08-10 13:43:46','2010-08-10 13:43:46'),
	(15,5,'14','dsafweew !!!','accept','2010-08-09 23:52:14','2010-08-12 14:30:31'),
	(14,5,'4','wa ','waiting','2010-08-09 23:52:03','2010-08-09 23:52:03'),
	(13,2,'5','我要加入啦！','waiting','2010-08-09 23:47:32','2010-08-09 23:47:32'),
	(12,2,'2','asdf','waiting','2010-08-09 23:38:12','2010-08-09 23:38:12'),
	(18,6,'15','新人入KK','accept','2010-08-10 14:14:16','2010-08-12 14:30:29'),
	(19,2,'7','kelly来了！','waiting','2010-08-10 14:26:49','2010-08-10 14:26:49'),
	(20,5,'17','让我哦加入啦～','accept','2010-08-11 16:08:04','2010-08-12 14:30:28'),
	(21,7,'17','iiii要加入 ','accept','2010-08-12 14:30:01','2010-08-12 14:50:14'),
	(22,2,'12','kelly要加入哈哈 ','waiting','2010-08-15 01:11:44','2010-08-15 01:11:44'),
	(23,22,'11','我要加入','waiting','2010-08-20 16:44:54','2010-08-20 16:44:54'),
	(24,22,'4','老大。我要加入','waiting','2010-08-23 16:27:54','2010-08-23 16:27:54'),
	(25,24,'19','dasd','accept','2010-08-23 17:06:35','2010-08-23 17:06:52'),
	(26,22,'8','阿斯顿发','waiting','2010-08-27 00:49:32','2010-08-27 00:49:32'),
	(27,2,'33','我要加入！！','accept','2010-08-30 16:27:55','2010-08-30 16:28:29'),
	(28,2,'40','公的kelly！加我！','accept','2010-08-31 00:48:27','2010-09-02 13:52:40'),
	(29,30,'4','mua','waiting','2010-09-02 23:09:09','2010-09-02 23:09:09'),
	(30,32,'22','Let me in\n','reject','2010-09-03 21:48:18','2010-09-04 13:01:44'),
	(31,44,'4','金鸡奖','waiting','2011-01-19 19:57:10','2011-01-19 19:57:10');

/*!40000 ALTER TABLE `kk_request_group` ENABLE KEYS */;
UNLOCK TABLES;


# Dump of table kk_topic
# ------------------------------------------------------------

DROP TABLE IF EXISTS `kk_topic`;

CREATE TABLE `kk_topic` (
  `id` int(11) NOT NULL AUTO_INCREMENT,
  `title` varchar(255) DEFAULT '',
  `content` text,
  `model` varchar(255) DEFAULT NULL,
  `model_id` int(11) DEFAULT NULL,
  `user_id` int(11) DEFAULT NULL,
  `attach_img_id` int(11) DEFAULT NULL,
  `created` datetime DEFAULT NULL,
  `modified` timestamp NULL DEFAULT CURRENT_TIMESTAMP ON UPDATE CURRENT_TIMESTAMP,
  PRIMARY KEY (`id`)
) ENGINE=MyISAM AUTO_INCREMENT=123 DEFAULT CHARSET=utf8;

LOCK TABLES `kk_topic` WRITE;
/*!40000 ALTER TABLE `kk_topic` DISABLE KEYS */;
INSERT INTO `kk_topic` (`id`,`title`,`content`,`model`,`model_id`,`user_id`,`attach_img_id`,`created`,`modified`)
VALUES
	(1,'','asdf','group',1,2,NULL,'2011-02-09 00:42:55','2011-02-09 00:42:55'),
	(2,'','sadfsdfsdaf','group',1,2,NULL,'2011-02-09 00:43:20','2011-02-09 00:43:20'),
	(3,'','asdf','group',1,2,NULL,'2011-02-09 00:44:05','2011-02-09 00:44:05'),
	(4,'sadf','asdf','group',1,2,NULL,'2011-02-09 00:44:27','2011-02-09 00:44:27'),
	(5,NULL,'safsdf','group',1,2,NULL,'2011-02-09 00:45:34','2011-02-09 00:45:34'),
	(6,NULL,'sdaf','group',1,2,NULL,'2011-02-09 00:46:35','2011-02-09 00:46:35'),
	(7,'asdfsdaf','asdfsdf','group',1,2,NULL,'2011-02-09 00:49:10','2011-02-09 00:49:10'),
	(8,NULL,'sasadfsafasdfasdfsdf','group',1,2,NULL,'2011-02-09 00:49:57','2011-02-09 00:49:57'),
	(9,'新的主题系统','全新的主题系统开放啦！','group',1,2,NULL,'2011-02-09 00:50:12','2011-02-09 00:50:12'),
	(10,NULL,'的萨芬阿斯的萨芬阿斯的萨芬阿斯的萨芬阿斯的萨芬阿斯的萨芬阿斯的萨芬阿斯的萨芬阿斯的萨芬阿斯的萨芬阿斯的萨芬阿斯的萨芬阿斯的萨芬阿斯的萨芬阿斯的萨芬阿斯的萨芬阿斯的萨芬阿斯的萨芬阿斯的萨芬阿斯的萨芬阿斯的萨芬阿斯的萨芬阿斯的萨芬阿斯的萨芬阿斯的萨芬阿斯的萨芬阿斯的萨芬阿斯的萨芬阿斯的萨芬阿斯的萨芬阿斯的萨芬阿斯的萨芬阿斯的萨芬阿斯的萨芬阿斯的萨芬阿斯的萨芬阿斯的萨芬阿斯的萨芬阿斯的萨芬阿斯的萨芬阿斯的萨芬阿斯的萨芬阿斯的萨芬阿斯的萨芬阿斯的萨芬阿斯的萨芬阿斯的萨芬阿斯的萨芬阿斯的萨芬阿斯的萨芬阿斯的萨芬阿斯的萨芬阿斯的萨芬阿斯的萨芬阿斯的萨芬阿斯的萨芬阿斯的萨芬阿斯的萨芬阿斯的萨芬阿斯的萨芬阿斯的萨芬阿斯的萨芬阿斯的萨芬阿斯的萨芬阿斯的萨芬阿斯的萨芬阿斯的萨芬阿斯的萨芬阿斯的萨芬阿斯的萨芬阿斯的萨芬阿斯的萨芬阿斯的萨芬阿斯的萨芬阿斯的萨芬阿斯的萨芬阿斯的萨芬阿斯的萨芬阿斯的萨芬阿斯的萨芬阿斯的萨芬阿斯的萨芬阿斯的萨芬阿斯的萨芬阿斯的萨芬阿斯的萨芬阿斯的萨芬阿斯的萨芬阿斯','group',1,2,NULL,'2011-02-09 01:03:16','2011-02-09 01:03:16'),
	(11,'标题在这里','正文内容在这里','group',1,2,NULL,'2011-02-09 01:23:07','2011-02-09 01:23:07'),
	(12,NULL,'萨地方','group',1,2,NULL,'2011-02-09 01:26:35','2011-02-09 01:26:35'),
	(13,'f','asdfsdf','group',1,2,NULL,'2011-02-09 01:33:14','2011-02-09 01:33:14'),
	(14,'奇异果诚招～','我是翻','group',1,2,NULL,'2011-02-09 01:33:28','2011-02-09 01:33:28'),
	(15,NULL,'sadfsadf','group',1,2,NULL,'2011-02-09 01:44:19','2011-02-09 01:44:19'),
	(16,NULL,'fsdafsdf','group',1,2,NULL,'2011-02-09 01:46:25','2011-02-09 01:46:25'),
	(17,NULL,'亲爱的各位成员，你们要惨了！！！','group',1,2,NULL,'2011-02-09 01:49:23','2011-02-09 01:49:23'),
	(18,'这次介绍不给力阿！！','你想表达什么？？你想表达什么？？你想表达什么？？你想表达什么？？你想表达什么？？你想表达什么？？你想表达什么？？你想表达什么？？你想表达什么？？你想表达什么？？你想表达什么？？你想表达什么？？你想表达什么？？你想表达什么？？你想表达什么？？','group',1,2,NULL,'2011-02-09 01:58:45','2011-02-09 01:58:45'),
	(19,NULL,'太重要了你。 使我泪也落得多。','group',1,2,NULL,'2011-02-09 02:04:46','2011-02-09 02:04:46'),
	(20,NULL,'太谢谢你们了。 不胜感激。','group',1,2,NULL,'2011-02-09 19:29:21','2011-02-09 19:29:21'),
	(21,NULL,'fasdfsdf','group',1,2,NULL,'2011-02-09 19:48:00','2011-02-09 19:48:00'),
	(22,NULL,'asdfsdf','group',1,2,NULL,'2011-02-09 20:07:15','2011-02-09 20:07:15'),
	(23,NULL,'得啦。得啦','group',1,2,NULL,'2011-02-09 20:08:37','2011-02-09 20:08:37'),
	(24,NULL,'不会怨念','group',1,2,NULL,'2011-02-09 20:09:07','2011-02-09 20:09:07'),
	(25,NULL,'sadfsdf','group',1,2,NULL,'2011-02-09 20:09:50','2011-02-09 20:09:50'),
	(26,'哈哈','阿斯顿','group',1,2,NULL,'2011-02-09 20:19:49','2011-02-09 20:19:49'),
	(27,NULL,'阿阿阿阿','group',1,2,NULL,'2011-02-09 20:22:45','2011-02-09 20:22:45'),
	(28,NULL,'我阿士大夫','group',1,2,NULL,'2011-02-09 20:23:18','2011-02-09 20:23:18'),
	(29,NULL,'万恶大放送','group',1,2,NULL,'2011-02-09 20:23:46','2011-02-09 20:23:46'),
	(30,NULL,'后来','group',1,2,NULL,'2011-02-09 20:24:08','2011-02-09 20:24:08'),
	(31,NULL,'伤离别阿！！！','group',1,2,NULL,'2011-02-09 20:29:22','2011-02-09 20:29:22'),
	(32,'标题是什么?','sdfsdf','group',1,2,NULL,'2011-02-09 20:41:45','2011-02-09 20:41:45'),
	(33,'标题是什么?','想要写什么?','group',1,2,NULL,'2011-02-09 20:44:04','2011-02-09 20:44:04'),
	(34,'sdfasdf','asdf','group',1,2,NULL,'2011-02-09 20:44:13','2011-02-09 20:44:13'),
	(35,NULL,'只要你在我身边','group',1,2,NULL,'2011-02-09 20:47:04','2011-02-09 20:47:04'),
	(36,'标题是什么?','想要写什么?','group',1,2,NULL,'2011-02-09 20:47:12','2011-02-09 20:47:12'),
	(37,'标题是什么?','想要写什么?','group',1,2,NULL,'2011-02-09 20:47:18','2011-02-09 20:47:18'),
	(38,'标题是什么?','想要写什么?','group',1,2,NULL,'2011-02-09 20:57:02','2011-02-09 20:57:02'),
	(39,'哈哈','短发','group',1,2,NULL,'2011-02-09 21:01:06','2011-02-09 21:01:06'),
	(40,'标题是什么?','想要写什么?','group',1,2,NULL,'2011-02-09 21:01:25','2011-02-09 21:01:25'),
	(41,NULL,'在你身边。','group',1,2,NULL,'2011-02-09 21:12:50','2011-02-09 21:12:50'),
	(42,NULL,'就让发生的时间有时候最美','group',1,2,NULL,'2011-02-09 21:14:12','2011-02-09 21:14:12'),
	(43,NULL,'你的身边。','group',1,2,NULL,'2011-02-09 21:15:50','2011-02-09 21:15:50'),
	(44,NULL,'新手机上市咯','group',208555728,2,NULL,'2011-02-09 21:17:24','2011-02-09 21:17:24'),
	(45,NULL,'无辜向往的。总有你和我\n\n\n完全没问题阿','group',208555728,2,NULL,'2011-02-09 21:23:58','2011-02-09 21:23:58'),
	(46,NULL,'To  my  legg','group',208555728,2,NULL,'2011-02-09 21:25:23','2011-02-09 21:25:23'),
	(47,NULL,'all we have this sight','group',1,2,NULL,'2011-02-09 21:28:51','2011-02-09 21:28:51'),
	(48,NULL,'Truth!','group',1,2,NULL,'2011-02-09 21:37:38','2011-02-09 21:37:38'),
	(49,NULL,'今晚我不懂如何告别烦恼','group',1,2,NULL,'2011-02-09 21:52:40','2011-02-09 21:52:40'),
	(50,NULL,'话题。 有点微博的味道。 可又不尽是。','group',1,2,NULL,'2011-02-09 23:36:20','2011-02-09 23:36:20'),
	(51,NULL,'没社呢们嘛','group',1,2,NULL,'2011-02-10 00:13:51','2011-02-10 00:13:51'),
	(52,NULL,'没社呢们嘛','group',1,2,NULL,'2011-02-10 00:14:00','2011-02-10 00:14:00'),
	(53,NULL,'地方','group',1,2,NULL,'2011-02-10 00:14:06','2011-02-10 00:14:06'),
	(54,NULL,'地方','group',1,2,NULL,'2011-02-10 00:14:06','2011-02-10 00:14:06'),
	(55,NULL,'地方','group',1,2,NULL,'2011-02-10 00:14:07','2011-02-10 00:14:07'),
	(56,NULL,'地方','group',1,2,NULL,'2011-02-10 00:14:07','2011-02-10 00:14:07'),
	(57,NULL,'地方','group',1,2,NULL,'2011-02-10 00:14:08','2011-02-10 00:14:08'),
	(58,NULL,'地方','group',1,2,NULL,'2011-02-10 00:14:08','2011-02-10 00:14:08'),
	(59,NULL,'地方','group',1,2,NULL,'2011-02-10 00:14:09','2011-02-10 00:14:09'),
	(60,NULL,'地方','group',1,2,NULL,'2011-02-10 00:14:11','2011-02-10 00:14:11'),
	(61,NULL,'地方','group',1,2,NULL,'2011-02-10 00:14:21','2011-02-10 00:14:21'),
	(62,NULL,'地方','group',1,2,NULL,'2011-02-10 00:14:21','2011-02-10 00:14:21'),
	(63,NULL,'地方','group',1,2,NULL,'2011-02-10 00:14:22','2011-02-10 00:14:22'),
	(64,NULL,'地方','group',1,2,NULL,'2011-02-10 00:14:22','2011-02-10 00:14:22'),
	(65,NULL,'地方','group',1,2,NULL,'2011-02-10 00:14:22','2011-02-10 00:14:22'),
	(66,NULL,'地方','group',1,2,NULL,'2011-02-10 00:14:24','2011-02-10 00:14:24'),
	(67,NULL,'地方','group',1,2,NULL,'2011-02-10 00:14:25','2011-02-10 00:14:25'),
	(68,NULL,'地方','group',1,2,NULL,'2011-02-10 00:14:25','2011-02-10 00:14:25'),
	(69,NULL,'阿斯顿','group',1,2,NULL,'2011-02-10 00:14:44','2011-02-10 00:14:44'),
	(70,NULL,'阿斯顿','group',1,2,NULL,'2011-02-10 00:14:45','2011-02-10 00:14:45'),
	(71,NULL,'阿斯顿','group',1,2,NULL,'2011-02-10 00:14:45','2011-02-10 00:14:45'),
	(72,NULL,'阿斯顿','group',1,2,NULL,'2011-02-10 00:14:45','2011-02-10 00:14:45'),
	(73,NULL,'阿斯顿','group',1,2,NULL,'2011-02-10 00:14:45','2011-02-10 00:14:45'),
	(74,NULL,'sadasdsadasdasd','group',1,2,NULL,'2011-02-10 00:15:16','2011-02-10 00:15:16'),
	(75,NULL,'sadasdsadasdasd','group',1,2,NULL,'2011-02-10 00:15:16','2011-02-10 00:15:16'),
	(76,NULL,'sadasdsadasdasd','group',1,2,NULL,'2011-02-10 00:15:17','2011-02-10 00:15:17'),
	(77,NULL,'sadasdsadasdasd','group',1,2,NULL,'2011-02-10 00:15:17','2011-02-10 00:15:17'),
	(78,NULL,'sadasdsadasdasd','group',1,2,NULL,'2011-02-10 00:15:17','2011-02-10 00:15:17'),
	(79,NULL,'sadasdsadasdasd','group',1,2,NULL,'2011-02-10 00:15:17','2011-02-10 00:15:17'),
	(80,NULL,'sadasdsadasdasd','group',1,2,NULL,'2011-02-10 00:15:17','2011-02-10 00:15:17'),
	(81,NULL,'sadasdsadasdasd','group',1,2,NULL,'2011-02-10 00:15:17','2011-02-10 00:15:17'),
	(82,NULL,'sadasdsadasdasd','group',1,2,NULL,'2011-02-10 00:15:18','2011-02-10 00:15:18'),
	(83,NULL,'sadasdsadasdasd','group',1,2,NULL,'2011-02-10 00:15:25','2011-02-10 00:15:25'),
	(84,NULL,'sadasdsadasdasd','group',1,2,NULL,'2011-02-10 00:15:25','2011-02-10 00:15:25'),
	(85,NULL,'asds','group',1,2,NULL,'2011-02-10 00:15:31','2011-02-10 00:15:31'),
	(86,NULL,'asds','group',1,2,NULL,'2011-02-10 00:15:32','2011-02-10 00:15:32'),
	(87,NULL,'asds','group',1,2,NULL,'2011-02-10 00:15:32','2011-02-10 00:15:32'),
	(88,NULL,'asds','group',1,2,NULL,'2011-02-10 00:15:32','2011-02-10 00:15:32'),
	(89,NULL,'asds','group',1,2,NULL,'2011-02-10 00:15:32','2011-02-10 00:15:32'),
	(90,NULL,'asdasdasd','group',1,2,NULL,'2011-02-10 00:15:50','2011-02-10 00:15:50'),
	(91,NULL,'asdasdasd','group',1,2,NULL,'2011-02-10 00:15:51','2011-02-10 00:15:51'),
	(92,NULL,'asdasdasd','group',1,2,NULL,'2011-02-10 00:15:51','2011-02-10 00:15:51'),
	(93,NULL,'asdasdasd','group',1,2,NULL,'2011-02-10 00:15:51','2011-02-10 00:15:51'),
	(94,NULL,'sadfsdf','group',1,2,NULL,'2011-02-10 00:16:16','2011-02-10 00:16:16'),
	(95,NULL,'sadfsdf','group',1,2,NULL,'2011-02-10 00:16:17','2011-02-10 00:16:17'),
	(96,NULL,'sadfsdf','group',1,2,NULL,'2011-02-10 00:16:17','2011-02-10 00:16:17'),
	(97,NULL,'sadfsdf','group',1,2,NULL,'2011-02-10 00:16:17','2011-02-10 00:16:17'),
	(98,NULL,'asdasd','group',1,2,NULL,'2011-02-10 00:17:12','2011-02-10 00:17:12'),
	(99,NULL,'sadf','group',1,2,NULL,'2011-02-10 00:17:34','2011-02-10 00:17:34'),
	(100,NULL,'试下一嘛','group',1,2,NULL,'2011-02-10 02:06:49','2011-02-10 02:06:49'),
	(101,NULL,'好八八。试试图片好八八。','group',1,2,3,'2011-02-10 02:23:39','2011-02-10 02:46:49'),
	(102,NULL,'sadfsdf','group',1,2,NULL,'2011-02-10 02:26:49','2011-02-10 02:26:49'),
	(103,NULL,'一些很长的话，图片要放哪里了？？一些很长的话，图片要放哪里了？？一些很长的话，图片要放哪里了？？一些很长的话，图片要放哪里了？？一些很长的话，图片要放哪里了？？一些很长的话，图片要放哪里了？？一些很长的话，图片要放哪里了？？一些很长的话，图片要放哪里了？？一些很长的话，图片要放哪里了？？一些很长的话，图片要放哪里了？？一些很长的话，图片要放哪里了？？一些很长的话，图片要放哪里了？？一些很长的话，图片要放哪里了？？','group',1,2,NULL,'2011-02-10 02:27:27','2011-02-10 02:27:27'),
	(106,NULL,'怀着昨日那些伤口。遇见了你。','group',1,2,NULL,'2011-02-10 02:54:10','2011-02-10 02:54:10'),
	(107,'我在搞笑','掩盖着心跳。 偏要说着一个人真好。','group',1,2,NULL,'2011-02-10 03:00:48','2011-02-10 03:00:48'),
	(108,NULL,'每天爱你多一些','group',1,2,NULL,'2011-02-10 03:06:30','2011-02-10 03:06:30'),
	(109,'再爱你。','无球什么无寻什么','group',1,2,NULL,'2011-02-10 03:06:46','2011-02-10 03:06:46'),
	(110,NULL,'不添加标题～','group',1,2,NULL,'2011-02-10 03:15:08','2011-02-10 03:15:08'),
	(111,NULL,'当中中间走过。','group',208555728,2,NULL,'2011-02-10 03:15:51','2011-02-10 03:15:51'),
	(112,NULL,'想太多的理由','group',1,2,4,'2011-02-10 12:05:07','2011-02-10 12:05:07'),
	(113,NULL,'大家好','group',1,2,NULL,'2011-02-10 14:30:52','2011-02-10 14:30:52'),
	(114,NULL,'mua','group',1,2,NULL,'2011-02-10 15:01:45','2011-02-10 15:01:45'),
	(115,'将一些不必要的','省略号的艺术','group',1,2,5,'2011-02-10 15:02:32','2011-02-10 15:02:32'),
	(116,NULL,'大师傅士大夫阿是否萨伏萨大师傅士大夫阿是否萨伏萨大师傅士大夫阿是否萨伏萨大师傅士大夫阿是否萨伏萨大师傅士大夫阿是否萨伏萨大师傅士大夫阿是否萨伏萨大师傅士大夫阿是否萨伏萨大师傅士大夫阿是否萨伏萨大师傅士大夫阿是否萨伏萨大师傅士大夫阿是否萨伏萨大师傅士大夫阿是否萨伏萨大师傅士大夫阿是否萨伏萨大师傅士大夫阿是否萨伏萨大师傅士大夫阿是否萨伏萨大师傅士大夫阿是否萨伏萨大师傅士大夫阿是否萨伏萨大师傅士大夫阿是否萨伏萨大师傅士大夫阿是否萨伏萨大师傅士大夫阿是否萨伏萨大师傅士大夫阿是否萨伏萨大师傅士大夫阿是否萨伏萨大师傅士大夫阿是否萨伏萨大师傅士大夫阿是否萨伏萨','group',1,2,NULL,'2011-02-10 15:08:38','2011-02-10 15:08:38'),
	(104,NULL,'不改变！','group',1,2,NULL,'2011-02-10 02:41:37','2011-02-10 02:41:37'),
	(105,'爱情就是要幸福美好','都知道，你知道，好不好，别偷笑','group',1,2,NULL,'2011-02-10 02:44:59','2011-02-10 02:44:59'),
	(117,NULL,'曾经几何曾经几何曾经几何曾经几何曾经几何曾经几何曾经几何曾经几何曾经几何发送到发了赛弗阿斯顿发京顺路口发设计费曾经几何曾经几何曾经几何曾经几何曾经几何曾经几何曾经几何曾经几何曾经几何发送到发了赛弗阿斯顿发京顺路口发设计费曾经几何曾经几何曾经几何曾经几何曾经几何曾经几何曾经几何曾经几何曾经几何发送到发了赛弗阿斯顿发京顺路口发设计费曾经几何曾经几何曾经几何曾经几何曾经几何曾经几何曾经几何曾经几何曾经几何发送到发了赛弗阿斯顿发京顺路口发设计费曾经几何曾经几何曾经几何曾经几何曾经几何曾经几何曾经几何曾经几何曾经几何发送到发了赛弗阿斯顿发京顺路口发设计费','group',1,2,6,'2011-02-10 15:11:23','2011-02-10 15:11:23'),
	(118,NULL,'今天个活动点点','group',1,2,7,'2011-02-10 15:51:42','2011-02-10 15:51:42'),
	(119,NULL,'图片可以啦','group',1,2,8,'2011-02-10 16:03:53','2011-02-10 16:03:53'),
	(120,NULL,'加入群组。才可以发话～','group',1,316394498,NULL,'2011-02-10 19:06:27','2011-02-10 19:06:27'),
	(121,NULL,'试下嘛','group',1,2,9,'2011-02-10 22:17:47','2011-02-10 22:17:47'),
	(122,NULL,'为什么这样子？ 偏偏要这样。','group',1,2,NULL,'2011-02-12 00:38:58','2011-02-12 00:38:58');

/*!40000 ALTER TABLE `kk_topic` ENABLE KEYS */;
UNLOCK TABLES;


# Dump of table kk_user_autologin
# ------------------------------------------------------------

DROP TABLE IF EXISTS `kk_user_autologin`;

CREATE TABLE `kk_user_autologin` (
  `key_id` char(255) NOT NULL,
  `user_id` int(11) NOT NULL DEFAULT '0',
  `user_agent` varchar(150) CHARACTER SET utf8 COLLATE utf8_bin NOT NULL,
  `last_ip` varchar(40) CHARACTER SET utf8 COLLATE utf8_bin NOT NULL,
  `last_login` timestamp NOT NULL DEFAULT CURRENT_TIMESTAMP ON UPDATE CURRENT_TIMESTAMP,
  PRIMARY KEY (`key_id`,`user_id`),
  KEY `u` (`user_id`)
) ENGINE=MyISAM DEFAULT CHARSET=utf8;

LOCK TABLES `kk_user_autologin` WRITE;
/*!40000 ALTER TABLE `kk_user_autologin` DISABLE KEYS */;
INSERT INTO `kk_user_autologin` (`key_id`,`user_id`,`user_agent`,`last_ip`,`last_login`)
VALUES
	('a',5,'Mozilla/5.0 (Macintosh; U; Intel Mac OS X 10_6_4; en-US) AppleWebKit/533.4 (KHTML, like Gecko) Chrome/5.0.375.125 Safari/533.4','127.0.0.1','2010-08-11 16:12:20'),
	('7',2,'Mozilla/5.0 (Macintosh; U; Intel Mac OS X 10_6_4; en-US) AppleWebKit/533.4 (KHTML, like Gecko) Chrome/5.0.375.125 Safari/533.4','127.0.0.1','2010-08-12 18:01:45'),
	('f',2,'Mozilla/5.0 (Macintosh; U; Intel Mac OS X 10_6_4; en-US) AppleWebKit/533.4 (KHTML, like Gecko) Chrome/5.0.375.126 Safari/533.4','127.0.0.1','2010-08-18 22:57:51'),
	('0',2,'Mozilla/4.0 (compatible; MSIE 8.0; Windows NT 5.1; Trident/4.0; .NET CLR 2.0.50727; .NET CLR 3.0.04506.648; .NET CLR 3.5.21022)','192.168.7.100','2010-08-13 17:33:13'),
	('8',8,'Mozilla/5.0 (Macintosh; U; Intel Mac OS X 10_6_4; en-US) AppleWebKit/533.4 (KHTML, like Gecko) Chrome/5.0.375.126 Safari/533.4','127.0.0.1','2010-08-15 21:03:00'),
	('5',2,'Mozilla/5.0 (Macintosh; U; Intel Mac OS X 10_6_4; en-US) AppleWebKit/533.4 (KHTML, like Gecko) Chrome/5.0.375.127 Safari/533.4','127.0.0.1','2010-09-05 13:04:31'),
	('0',30,'Mozilla/5.0 (Macintosh; U; Intel Mac OS X 10_6_4; en-US) AppleWebKit/533.4 (KHTML, like Gecko) Chrome/5.0.375.127 Safari/533.4','127.0.0.1','2010-09-03 00:06:27'),
	('a',31,'Mozilla/5.0 (Macintosh; U; Intel Mac OS X 10_6_4; en-US) AppleWebKit/533.4 (KHTML, like Gecko) Chrome/5.0.375.127 Safari/533.4','127.0.0.1','2010-09-03 15:30:57'),
	('3',32,'Mozilla/5.0 (Macintosh; U; Intel Mac OS X 10_6_4; en-US) AppleWebKit/533.4 (KHTML, like Gecko) Chrome/5.0.375.127 Safari/533.4','127.0.0.1','2010-09-03 16:49:03'),
	('2',2,'Mozilla/4.0 (compatible; MSIE 7.0; Windows NT 5.1; Trident/4.0; .NET CLR 2.0.50727; .NET CLR 3.0.04506.648; .NET CLR 3.5.21022; 360SE)','192.168.7.103','2010-09-04 17:27:54'),
	('a',2,'Mozilla/4.0 (compatible; MSIE 8.0; Windows NT 5.1; Trident/4.0; .NET CLR 2.0.50727; .NET CLR 3.0.04506.648; .NET CLR 3.5.21022)','192.168.7.103','2010-09-04 19:38:18'),
	('8',2,'Mozilla/4.0 (compatible; MSIE 7.0; Windows NT 5.1; Trident/4.0; .NET CLR 2.0.50727; .NET CLR 3.0.04506.648; .NET CLR 3.5.21022)','192.168.7.103','2010-09-04 19:40:00'),
	('6',2,'Mozilla/5.0 (Macintosh; U; Intel Mac OS X 10_6_4; en-US) AppleWebKit/534.3 (KHTML, like Gecko) Chrome/6.0.472.53 Safari/534.3','127.0.0.1','2010-09-08 01:25:26'),
	('d',32,'Mozilla/5.0 (iPad; U; CPU OS 3_2_1 like Mac OS X; zh-cn) AppleWebKit/531.21.10 (KHTML, like Gecko) Version/4.0.4 Mobile/7B405 Safari/531.21.10','192.168.2.112','2010-09-08 21:00:10'),
	('1',32,'Mozilla/5.0 (Macintosh; U; Intel Mac OS X 10_6_4; en-US) AppleWebKit/534.3 (KHTML, like Gecko) Chrome/6.0.472.55 Safari/534.3','127.0.0.1','2010-09-10 12:11:28'),
	('4',2,'Mozilla/5.0 (Macintosh; U; Intel Mac OS X 10_6_4; en-US) AppleWebKit/534.3 (KHTML, like Gecko) Chrome/6.0.472.55 Safari/534.3','127.0.0.1','2010-09-12 22:13:29'),
	('6',3,'Mozilla/5.0 (Macintosh; U; Intel Mac OS X 10_6_4; en-US) AppleWebKit/534.3 (KHTML, like Gecko) Chrome/6.0.472.62 Safari/534.3','127.0.0.1','2010-09-19 09:14:38'),
	('1',2,'Mozilla/5.0 (Macintosh; U; Intel Mac OS X 10_6_4; en-US) AppleWebKit/534.3 (KHTML, like Gecko) Chrome/6.0.472.62 Safari/534.3','127.0.0.1','2010-09-21 14:05:46'),
	('e',42,'Mozilla/5.0 (Macintosh; U; Intel Mac OS X 10_6_4; en-US) AppleWebKit/534.3 (KHTML, like Gecko) Chrome/6.0.472.62 Safari/534.3','127.0.0.1','2010-09-21 11:26:47'),
	('3',42,'Mozilla/5.0 (Macintosh; U; Intel Mac OS X 10_6_4; en-US) AppleWebKit/534.3 (KHTML, like Gecko) Chrome/6.0.472.63 Safari/534.3','127.0.0.1','2010-09-26 13:05:25'),
	('d1035002831df725b8baef1c69102017',2,'Mozilla/5.0 (Macintosh; U; Intel Mac OS X 10_6_4; en-US) AppleWebKit/534.7 (KHTML, like Gecko) Chrome/7.0.517.44 Safari/534.7','0.0.0.0','2010-11-18 19:04:38'),
	('3ad93019d7708598dc59e7cdb4655367',44,'Mozilla/5.0 (Macintosh; U; Intel Mac OS X 10_6_5; en-US) AppleWebKit/534.10 (KHTML, like Gecko) Chrome/8.0.552.231 Safari/534.10','0.0.0.0','2011-01-02 15:36:29'),
	('6a5101990a713eef3ff6df50357fcb4e',44,'Mozilla/5.0 (Macintosh; U; Intel Mac OS X 10_6_5; en-US) AppleWebKit/534.10 (KHTML, like Gecko) Chrome/8.0.552.231 Safari/534.10','172.24.45.3','2011-01-02 15:42:20'),
	('c1f4634a103671cbddf7aede8b3a2351',2,'Mozilla/4.0 (compatible; MSIE 7.0; Windows NT 5.1; Trident/4.0; .NET CLR 2.0.50727; .NET CLR 3.0.04506.648; .NET CLR 3.5.21022)','192.168.7.102','2011-02-01 22:41:32'),
	('d373decf8da2989122b6ee8c349c6f25',44,'Mozilla/5.0 (Windows; U; Windows NT 5.1; en-US) AppleWebKit/533.4 (KHTML, like Gecko) Chrome/5.0.375.99 Safari/533.4','192.168.7.100','2011-01-19 00:23:58'),
	('6841673019c9fcd99f067ab335eb7b23',2,'Mozilla/5.0 (Macintosh; U; Intel Mac OS X 10_6_6; en-US) AppleWebKit/534.13 (KHTML, like Gecko) Chrome/9.0.597.94 Safari/534.13','0.0.0.0','2011-02-11 00:14:53');

/*!40000 ALTER TABLE `kk_user_autologin` ENABLE KEYS */;
UNLOCK TABLES;


# Dump of table kk_user_avatars
# ------------------------------------------------------------

DROP TABLE IF EXISTS `kk_user_avatars`;

CREATE TABLE `kk_user_avatars` (
  `id` int(11) NOT NULL AUTO_INCREMENT,
  `user_id` int(11) DEFAULT NULL,
  `avatar_file` varchar(255) DEFAULT NULL,
  `created` datetime DEFAULT NULL,
  `modified` timestamp NULL DEFAULT CURRENT_TIMESTAMP ON UPDATE CURRENT_TIMESTAMP,
  PRIMARY KEY (`id`)
) ENGINE=MyISAM AUTO_INCREMENT=37 DEFAULT CHARSET=utf8;

LOCK TABLES `kk_user_avatars` WRITE;
/*!40000 ALTER TABLE `kk_user_avatars` DISABLE KEYS */;
INSERT INTO `kk_user_avatars` (`id`,`user_id`,`avatar_file`,`created`,`modified`)
VALUES
	(1,2,'9c5c08e283d39bb00c496d84f9ff0e83.gif','2010-08-23 14:29:29',NULL),
	(2,2,'9c5c08e283d39bb00c496d84f9ff0e83.gif','2010-08-23 14:30:39','2010-08-23 14:30:39'),
	(3,2,'177f02597f8b547f504d43869dd1faf9.gif','2010-08-23 14:38:22','2010-08-23 14:38:22'),
	(4,2,'354a36a7a546327dc9e20272a60f30a8.jpg','2010-08-23 15:11:27','2010-08-23 15:11:27'),
	(5,2,'3cefd43457bc95d2c8e72ac8f5408dca.jpg','2010-08-23 15:12:47','2010-08-23 15:12:47'),
	(6,24,'f91990baf7867932db821a11c8f73c1e.jpg','2010-08-23 17:03:05','2010-08-23 17:03:05'),
	(7,22,'9f41156b9220dec2d1b55a7285c460d7.png','2010-08-26 23:27:22','2010-08-26 23:27:22'),
	(8,2,'ac837871e50de15f62b88a0653f374de.png','2010-08-27 17:09:52','2010-08-27 17:09:53'),
	(9,2,'410574a961db02bc90afae381a6815e8.jpg','2010-08-27 18:25:34','2010-08-27 18:25:34'),
	(10,2,'289ad3ca18e8ef1b5ad0aed90516df16.jpg','2010-08-27 18:26:53','2010-08-27 18:26:53'),
	(11,30,'927ef91d49ea1b7c8c0b39eafe2e69e0.jpg','2010-08-30 18:27:45','2010-08-30 18:27:45'),
	(13,2,'cab25766339233d424953f88fbfe6ea8.jpg','2010-09-08 01:26:34','2010-09-08 01:26:34'),
	(14,2,'1aa708bdd47e349ec962687ccd31e950.jpg','2010-09-19 08:37:48','2010-09-19 08:37:48'),
	(15,3,'6003165b4755f1cea8fb388669517dd2.jpg','2010-09-19 09:22:28','2010-09-19 09:22:28'),
	(16,35,'8cbe9ce23f42628c98f80fa0fac8b19a.png','2010-09-21 10:26:10','2010-09-21 10:26:10'),
	(17,36,'2adcefe38fbcd3dcd45908fbab1bf628.png','2010-09-21 10:28:13','2010-09-21 10:28:13'),
	(18,37,'ba347fcc9a79fb74e95670b24848164f','2010-09-21 10:31:16','2010-09-21 10:31:16'),
	(19,38,'19e21d13715b9720d8c00977145f1dd8.png','2010-09-21 10:34:34','2010-09-21 10:34:34'),
	(20,39,'04115ec378e476c56d19d827bcf8db56.png','2010-09-21 10:52:10','2010-09-21 10:52:10'),
	(21,40,'fc4ddc15f9f4b4b06ef7844d6bb53abf.png','2010-09-21 10:53:12','2010-09-21 10:53:12'),
	(22,41,'d2350a54d774001d6078e326b4488878.png','2010-09-21 10:54:13','2010-09-21 10:54:13'),
	(23,42,'1e8c391abfde9abea82d75a2d60278d4.png','2010-09-21 10:55:17','2010-09-21 10:55:17'),
	(24,44,'299570476c6f0309545110c592b6a63b.png','2010-11-12 23:18:58','2010-11-12 23:18:58'),
	(25,45,'4de81d9105c85bca6e6e4666e6dd536a.png','2010-11-12 23:40:18','2010-11-12 23:40:18'),
	(26,46,'a495eebbfa243b79c5b9b224c482d0c2.png','2010-11-17 23:04:46','2010-11-17 23:04:46'),
	(27,2,'a2c01e1e10e70656eccbfc32afbc2a1c.jpg','2010-12-03 20:58:55','2010-12-03 20:58:55'),
	(28,44,'f8fd82d16c004da0198baf51762feedc.jpg','2011-01-21 17:30:29','2011-01-21 17:30:29'),
	(29,665661022,'9ac1382fd8fc4b631594aa135d16ad75.png','2011-02-05 01:09:23','2011-02-05 01:09:23'),
	(30,316394498,'9abe36658bff8131d5a0923ebc196d0e.png','2011-02-05 01:21:07','2011-02-05 01:21:07'),
	(31,56776429,'c1aeb6517a1c7f33514f7ff69047e74e.png','2011-02-05 23:16:12','2011-02-05 23:16:12'),
	(32,667464021,'70efba66d3d8d53194fb1a8446ae07fa.png','2011-02-05 23:30:19','2011-02-05 23:30:19'),
	(33,2,'cd53dabcd7f1fd6f70b074c3bf613458.jpg','2011-02-08 01:31:57','2011-02-08 01:31:57'),
	(34,2,'247ab3bd8796a3d65f62bc2bea184de3.jpg','2011-02-08 01:32:55','2011-02-08 01:32:55'),
	(35,2,'8cea28a5ca3ee8c39b85118d30d90e03.jpg','2011-02-08 02:29:43','2011-02-08 02:29:43'),
	(36,2,'e54dabd2a70fd708db687872056e0d32.jpg','2011-02-10 14:32:02','2011-02-10 14:32:02');

/*!40000 ALTER TABLE `kk_user_avatars` ENABLE KEYS */;
UNLOCK TABLES;


# Dump of table kk_user_douban
# ------------------------------------------------------------

DROP TABLE IF EXISTS `kk_user_douban`;

CREATE TABLE `kk_user_douban` (
  `id` int(11) NOT NULL AUTO_INCREMENT,
  `user_id` int(11) DEFAULT NULL,
  `uid` varchar(255) DEFAULT NULL,
  `oauth_token` varchar(255) DEFAULT NULL,
  `oauth_token_secret` varchar(255) DEFAULT NULL,
  `created` datetime DEFAULT NULL,
  `modified` timestamp NULL DEFAULT CURRENT_TIMESTAMP ON UPDATE CURRENT_TIMESTAMP,
  PRIMARY KEY (`id`)
) ENGINE=MyISAM AUTO_INCREMENT=6 DEFAULT CHARSET=utf8;

LOCK TABLES `kk_user_douban` WRITE;
/*!40000 ALTER TABLE `kk_user_douban` DISABLE KEYS */;
INSERT INTO `kk_user_douban` (`id`,`user_id`,`uid`,`oauth_token`,`oauth_token_secret`,`created`,`modified`)
VALUES
	(4,825932300,'chepy','689237dc6d59bfa339b6a795480d3ee9','0f64ecfcdab948be','2011-02-07 01:27:04','2011-02-07 01:27:04'),
	(5,768132198,'chepy','689237dc6d59bfa339b6a795480d3ee9','0f64ecfcdab948be','2011-02-10 16:11:49','2011-02-10 16:11:49');

/*!40000 ALTER TABLE `kk_user_douban` ENABLE KEYS */;
UNLOCK TABLES;


# Dump of table kk_user_follow
# ------------------------------------------------------------

DROP TABLE IF EXISTS `kk_user_follow`;

CREATE TABLE `kk_user_follow` (
  `id` int(11) DEFAULT NULL
) ENGINE=MyISAM DEFAULT CHARSET=utf8;



# Dump of table kk_user_messages
# ------------------------------------------------------------

DROP TABLE IF EXISTS `kk_user_messages`;

CREATE TABLE `kk_user_messages` (
  `id` int(11) NOT NULL AUTO_INCREMENT,
  `title` varchar(255) DEFAULT NULL,
  `content` varchar(255) DEFAULT NULL,
  `status` varchar(255) DEFAULT NULL,
  `user_id` int(11) DEFAULT NULL,
  PRIMARY KEY (`id`)
) ENGINE=MyISAM DEFAULT CHARSET=utf8;



# Dump of table kk_user_profiles
# ------------------------------------------------------------

DROP TABLE IF EXISTS `kk_user_profiles`;

CREATE TABLE `kk_user_profiles` (
  `id` int(11) NOT NULL AUTO_INCREMENT,
  `user_id` int(11) NOT NULL,
  `user_type` varchar(255) DEFAULT '',
  `slug` varchar(255) DEFAULT '',
  `realname` varchar(45) DEFAULT '',
  `nickname` varchar(45) NOT NULL DEFAULT '',
  `gender` varchar(255) DEFAULT '',
  `age` varchar(255) DEFAULT '',
  `constellation` varchar(255) DEFAULT '',
  `description` text,
  `country` varchar(20) DEFAULT '',
  `website` varchar(255) DEFAULT '',
  `qq` int(11) DEFAULT NULL,
  `msn` varchar(255) DEFAULT '',
  `gtalk` varchar(255) DEFAULT '',
  `email_1` varchar(255) DEFAULT '',
  `email_2` varchar(255) DEFAULT '',
  `email_3` varchar(255) DEFAULT '',
  `birth` date DEFAULT NULL,
  `link_renren` varchar(255) DEFAULT '',
  `avatar_id` int(11) DEFAULT NULL,
  `hometown_province_id` int(11) DEFAULT NULL,
  `hometown_city_id` int(11) DEFAULT NULL,
  `province_id` int(11) DEFAULT NULL,
  `city_id` int(11) DEFAULT NULL,
  `vouched` int(11) DEFAULT NULL,
  `created` datetime DEFAULT NULL,
  `modified` timestamp NULL DEFAULT CURRENT_TIMESTAMP ON UPDATE CURRENT_TIMESTAMP,
  PRIMARY KEY (`id`,`nickname`),
  KEY `fk_kk_user_profiles_kk_users1` (`user_id`)
) ENGINE=MyISAM AUTO_INCREMENT=87 DEFAULT CHARSET=utf8;

LOCK TABLES `kk_user_profiles` WRITE;
/*!40000 ALTER TABLE `kk_user_profiles` DISABLE KEYS */;
INSERT INTO `kk_user_profiles` (`id`,`user_id`,`user_type`,`slug`,`realname`,`nickname`,`gender`,`age`,`constellation`,`description`,`country`,`website`,`qq`,`msn`,`gtalk`,`email_1`,`email_2`,`email_3`,`birth`,`link_renren`,`avatar_id`,`hometown_province_id`,`hometown_city_id`,`province_id`,`city_id`,`vouched`,`created`,`modified`)
VALUES
	(2,2,NULL,'mrkelly','陈霈霖','MrKelly','female','21','巨蟹座','爱设计、爱编程、爱互联网;&lt;?php echo \'ok\';?&gt;','chian','http://mrkelly.cc',NULL,NULL,NULL,'chepy.v@gmail.com','chepy_v@yahoo.com','23110388@qq.com','1990-06-26','245439977',36,44,251,44,254,NULL,NULL,'2011-02-11 02:33:32'),
	(3,3,NULL,'test','陈语','测试一下嘛',NULL,NULL,NULL,NULL,NULL,'http://www.mrkelly.org',NULL,NULL,NULL,NULL,NULL,NULL,'1994-09-05',NULL,15,NULL,NULL,13,37,NULL,NULL,'2011-02-08 17:18:22'),
	(4,4,NULL,NULL,'kk','',NULL,NULL,NULL,NULL,NULL,NULL,NULL,NULL,NULL,NULL,NULL,NULL,NULL,NULL,NULL,NULL,NULL,NULL,NULL,NULL,NULL,NULL),
	(5,5,NULL,NULL,'cccc','',NULL,NULL,NULL,NULL,NULL,NULL,NULL,NULL,NULL,NULL,NULL,NULL,NULL,NULL,NULL,NULL,NULL,NULL,NULL,NULL,NULL,NULL),
	(6,6,NULL,NULL,'ddddd','',NULL,NULL,NULL,NULL,NULL,NULL,NULL,NULL,NULL,NULL,NULL,NULL,NULL,NULL,NULL,NULL,NULL,NULL,NULL,NULL,NULL,NULL),
	(7,7,NULL,NULL,'iiii','',NULL,NULL,NULL,NULL,NULL,NULL,NULL,NULL,NULL,NULL,NULL,NULL,NULL,NULL,NULL,NULL,NULL,NULL,NULL,NULL,NULL,NULL),
	(8,8,NULL,NULL,'陈陈霖 kk','',NULL,NULL,NULL,NULL,NULL,NULL,NULL,NULL,NULL,NULL,NULL,NULL,NULL,NULL,NULL,NULL,NULL,NULL,NULL,NULL,NULL,NULL),
	(9,9,NULL,NULL,'adfasdf','',NULL,NULL,NULL,NULL,NULL,NULL,NULL,NULL,NULL,NULL,NULL,NULL,NULL,NULL,NULL,NULL,NULL,NULL,NULL,NULL,NULL,NULL),
	(16,15,NULL,NULL,NULL,'',NULL,NULL,NULL,NULL,NULL,NULL,NULL,NULL,NULL,NULL,NULL,NULL,NULL,NULL,NULL,NULL,NULL,NULL,NULL,NULL,NULL,NULL),
	(21,19,NULL,NULL,'陈霖霖','kkkkk2 asdf',NULL,NULL,NULL,NULL,NULL,NULL,NULL,NULL,NULL,NULL,NULL,NULL,NULL,NULL,NULL,NULL,NULL,NULL,NULL,NULL,NULL,NULL),
	(17,16,NULL,NULL,NULL,'',NULL,NULL,NULL,NULL,NULL,NULL,NULL,NULL,NULL,NULL,NULL,NULL,NULL,NULL,NULL,NULL,NULL,NULL,NULL,NULL,NULL,NULL),
	(19,17,NULL,NULL,'saldfj','',NULL,NULL,NULL,NULL,NULL,NULL,NULL,NULL,NULL,NULL,NULL,NULL,NULL,NULL,NULL,NULL,NULL,NULL,NULL,NULL,NULL,NULL),
	(20,18,NULL,NULL,'12','',NULL,NULL,NULL,NULL,NULL,NULL,NULL,NULL,NULL,NULL,NULL,NULL,NULL,NULL,NULL,NULL,NULL,NULL,NULL,NULL,NULL,NULL),
	(25,22,NULL,NULL,'陈霈霖','公的Kelly',NULL,NULL,NULL,'闷骚, 可爱, 博爱, 严肃得搞笑巍峨法人',NULL,'http://www.mrkelly.org',NULL,NULL,NULL,'chepy6@sina.com',NULL,NULL,NULL,NULL,7,NULL,NULL,29,1294,NULL,NULL,NULL),
	(26,23,NULL,NULL,'','kkk',NULL,NULL,NULL,NULL,NULL,NULL,NULL,NULL,NULL,'asdfasfd@adsf.com',NULL,NULL,NULL,NULL,NULL,NULL,NULL,1,600,NULL,NULL,NULL),
	(41,39,NULL,NULL,NULL,'公的Kelly',NULL,NULL,NULL,'闷骚, 可爱, 严肃得搞笑,爱设计,爱编程,爱各种球',NULL,'http://www.mrkelly.org',NULL,NULL,NULL,'chepy6@sina.com',NULL,NULL,NULL,NULL,NULL,NULL,NULL,44,4,NULL,NULL,NULL),
	(42,40,NULL,NULL,NULL,'公的Kelly',NULL,NULL,NULL,'闷骚, 可爱, 严肃得搞笑,爱设计,爱编程,爱各种球',NULL,'http://www.mrkelly.org',NULL,NULL,NULL,'chepy6@sina.com',NULL,NULL,NULL,NULL,21,NULL,NULL,44,NULL,NULL,NULL,NULL),
	(40,38,NULL,NULL,'adsf','公的Kelly',NULL,NULL,NULL,'闷骚, 可爱, 严肃得搞笑,爱设计,爱编程,爱各种球',NULL,'http://www.mrkelly.org',NULL,NULL,NULL,'chepy6@sina.com',NULL,NULL,NULL,NULL,19,NULL,NULL,44,248,NULL,NULL,NULL),
	(46,44,NULL,NULL,NULL,'公的Kelly','male',NULL,NULL,'低调内秀闷骚可爱; 爱设计, 爱编程, 爱互联网, 爱各种球; 各种打酱油。 // 推特@mrkelly',NULL,'http://www.mrkelly.org',NULL,NULL,NULL,'chepy6@sina.com',NULL,NULL,NULL,NULL,28,NULL,NULL,44,251,NULL,NULL,NULL),
	(45,43,NULL,NULL,'','fisher',NULL,NULL,NULL,NULL,NULL,NULL,NULL,NULL,NULL,'fishandup@gmail.com',NULL,NULL,NULL,NULL,NULL,NULL,NULL,11,5,NULL,NULL,NULL),
	(47,45,NULL,NULL,'黄雅莹','wongyy','female',NULL,NULL,'我不是没主见没计划没目标游手好闲无所作为的小朋友',NULL,'http://t.sina.com.cn/imwongyy',NULL,NULL,NULL,'yyimyy@sina.com',NULL,NULL,NULL,NULL,25,NULL,NULL,44,254,NULL,NULL,NULL),
	(48,46,NULL,NULL,'李广宇','花-嵘','male',NULL,NULL,NULL,NULL,'http://1',NULL,NULL,NULL,'superbobby27@sina.com',NULL,NULL,'1989-03-01',NULL,26,NULL,NULL,44,250,NULL,NULL,NULL),
	(49,47,NULL,NULL,'','22',NULL,NULL,NULL,NULL,NULL,NULL,NULL,NULL,NULL,'online-zwl@163.com',NULL,NULL,NULL,NULL,NULL,NULL,NULL,13,41,NULL,NULL,NULL),
	(50,2,NULL,'mrkelly','陈霈霖','MrKelly','female','21','巨蟹座','爱设计、爱编程、爱互联网;&lt;?php echo \'ok\';?&gt;',NULL,'http://mrkelly.cc',NULL,NULL,NULL,'chepy.v@gmail.com','chepy_v@yahoo.com','23110388@qq.com','1990-06-26','245439977',36,44,251,44,254,NULL,NULL,'2011-02-11 02:33:32'),
	(51,48,NULL,NULL,'kkkk','kelly',NULL,NULL,NULL,NULL,NULL,NULL,NULL,NULL,NULL,NULL,NULL,NULL,NULL,NULL,NULL,NULL,NULL,NULL,NULL,NULL,NULL,NULL),
	(52,49,NULL,NULL,'kk','kelly',NULL,NULL,NULL,NULL,NULL,NULL,NULL,NULL,NULL,NULL,NULL,NULL,NULL,NULL,NULL,NULL,NULL,NULL,NULL,NULL,NULL,NULL),
	(53,50,NULL,NULL,'kkkk','kelly',NULL,NULL,NULL,NULL,NULL,NULL,NULL,NULL,NULL,NULL,NULL,NULL,NULL,NULL,NULL,NULL,NULL,NULL,NULL,NULL,NULL,NULL),
	(54,51,NULL,NULL,'陈陈','kelly',NULL,NULL,NULL,NULL,NULL,NULL,NULL,NULL,NULL,NULL,NULL,NULL,NULL,NULL,NULL,NULL,NULL,NULL,NULL,NULL,NULL,NULL),
	(55,52,NULL,NULL,'','陈霈霖',NULL,NULL,NULL,NULL,NULL,NULL,NULL,NULL,NULL,'chepy9@gmail.com',NULL,NULL,NULL,NULL,NULL,NULL,NULL,11,1,NULL,NULL,NULL),
	(56,53,NULL,NULL,'陈','Mrkelly',NULL,NULL,NULL,NULL,NULL,NULL,NULL,NULL,NULL,'chepy89@gmail.com',NULL,NULL,NULL,NULL,NULL,NULL,NULL,11,1,NULL,NULL,NULL),
	(57,54,NULL,NULL,'陈霈霖','Mrkelly6',NULL,NULL,NULL,NULL,NULL,NULL,NULL,NULL,NULL,'chepy90@gmail.com',NULL,NULL,NULL,NULL,NULL,NULL,NULL,11,1,NULL,NULL,NULL),
	(58,99836896,NULL,NULL,'陈霈霖','kkelly',NULL,NULL,NULL,NULL,NULL,NULL,NULL,NULL,NULL,'chepy30@gmail.com',NULL,NULL,NULL,NULL,NULL,NULL,NULL,44,248,NULL,NULL,NULL),
	(59,27472156,NULL,NULL,'陈陈','kellyyyyyy',NULL,NULL,NULL,NULL,NULL,NULL,NULL,NULL,NULL,'chepy31@gmail.com',NULL,NULL,NULL,NULL,NULL,NULL,NULL,11,1,NULL,NULL,NULL),
	(60,64984763,NULL,NULL,'我噢我','kkkkelly',NULL,NULL,NULL,NULL,NULL,NULL,NULL,NULL,NULL,'chepy33@gmail.com',NULL,NULL,NULL,NULL,NULL,NULL,NULL,11,1,NULL,NULL,NULL),
	(61,540458466,NULL,NULL,'李去死','小龙',NULL,NULL,NULL,NULL,NULL,NULL,NULL,NULL,NULL,'chepy88@gmail.com',NULL,NULL,NULL,NULL,NULL,NULL,NULL,11,1,NULL,'2011-02-01 02:28:57','2011-02-01 02:28:57'),
	(62,383314932,NULL,NULL,'陈霈霈','motherk',NULL,NULL,NULL,NULL,NULL,NULL,NULL,NULL,NULL,'chepy5@gmail.com',NULL,NULL,'1970-01-01',NULL,NULL,44,248,44,251,NULL,'2011-02-02 02:22:43','2011-02-02 02:23:56'),
	(63,573503959,NULL,NULL,'陈陈','kk',NULL,NULL,NULL,NULL,NULL,NULL,NULL,NULL,NULL,NULL,NULL,NULL,NULL,NULL,NULL,NULL,NULL,NULL,NULL,NULL,'2011-02-03 02:20:37','2011-02-03 02:20:37'),
	(64,244376418,NULL,NULL,'我我你','哈哈',NULL,NULL,NULL,NULL,NULL,NULL,NULL,NULL,NULL,NULL,NULL,NULL,NULL,NULL,NULL,NULL,NULL,NULL,NULL,NULL,'2011-02-03 02:38:47','2011-02-03 02:38:47'),
	(65,574655045,NULL,NULL,'asdf','sdf',NULL,NULL,NULL,NULL,NULL,NULL,NULL,NULL,NULL,NULL,NULL,NULL,NULL,NULL,NULL,NULL,NULL,NULL,NULL,NULL,'2011-02-03 02:41:30','2011-02-03 02:41:30'),
	(66,300259063,NULL,NULL,'kk','kkelly',NULL,NULL,NULL,NULL,NULL,NULL,NULL,NULL,NULL,NULL,NULL,NULL,NULL,NULL,NULL,NULL,NULL,NULL,NULL,NULL,'2011-02-03 02:47:24','2011-02-03 02:47:24'),
	(67,939281840,NULL,NULL,'陈我我','kk',NULL,NULL,NULL,NULL,NULL,NULL,NULL,NULL,NULL,'chepy07@gmail.com',NULL,NULL,NULL,NULL,NULL,NULL,NULL,11,1,NULL,'2011-02-03 14:04:01','2011-02-03 14:04:01'),
	(68,958514336,NULL,NULL,'dasfsdf','sa',NULL,NULL,NULL,NULL,NULL,NULL,NULL,NULL,NULL,'chepy08@gmail.com',NULL,NULL,NULL,NULL,NULL,NULL,NULL,11,1,NULL,'2011-02-03 14:06:59','2011-02-03 14:06:59'),
	(69,295780241,NULL,NULL,'asdlfjsda','asdfsdaf',NULL,NULL,NULL,NULL,NULL,NULL,NULL,NULL,NULL,'chepy09@gmail.com',NULL,NULL,NULL,NULL,NULL,NULL,NULL,11,1,NULL,'2011-02-03 14:10:51','2011-02-03 14:10:51'),
	(70,935231305,NULL,NULL,'哈哈','kk',NULL,NULL,NULL,NULL,NULL,NULL,NULL,NULL,NULL,NULL,NULL,NULL,'1990-12-08',NULL,NULL,21,71,44,251,NULL,'2011-02-03 14:16:23','2011-02-04 03:17:38'),
	(71,680191953,NULL,NULL,'kk','公的Kelly',NULL,NULL,NULL,NULL,NULL,NULL,NULL,NULL,NULL,NULL,NULL,NULL,NULL,NULL,NULL,NULL,NULL,44,251,NULL,'2011-02-05 01:00:46','2011-02-05 01:00:46'),
	(72,45968151,NULL,NULL,'kk','公的Kelly',NULL,NULL,NULL,'低调内秀闷骚可爱; 金融专业的电脑小白痴; 爱设计, 爱编程, 爱互联网; 各种打酱油。推特@mrkelly//有梦想的人只做证明题。',NULL,NULL,NULL,NULL,NULL,NULL,NULL,NULL,NULL,NULL,NULL,NULL,NULL,44,251,NULL,'2011-02-05 01:08:20','2011-02-05 01:08:20'),
	(73,665661022,NULL,NULL,'可巍峨','公的Kelly',NULL,NULL,NULL,'低调内秀闷骚可爱; 金融专业的电脑小白痴; 爱设计, 爱编程, 爱互联网; 各种打酱油。推特@mrkelly//有梦想的人只做证明题。',NULL,NULL,NULL,NULL,NULL,NULL,NULL,NULL,NULL,NULL,NULL,NULL,NULL,44,251,NULL,'2011-02-05 01:09:23','2011-02-05 01:09:23'),
	(74,760006139,NULL,NULL,'kk','公的Kelly','male',NULL,NULL,'低调内秀闷骚可爱; 金融专业的电脑小白痴; 爱设计, 爱编程, 爱互联网; 各种打酱油。推特@mrkelly//有梦想的人只做证明题。',NULL,'http://mrkelly.cc',NULL,NULL,NULL,NULL,NULL,NULL,NULL,NULL,NULL,NULL,NULL,44,251,NULL,'2011-02-05 01:16:39','2011-02-05 01:16:39'),
	(75,262824931,NULL,NULL,'kk~','公的Kelly','male',NULL,NULL,'低调内秀闷骚可爱; 金融专业的电脑小白痴; 爱设计, 爱编程, 爱互联网; 各种打酱油。推特@mrkelly//有梦想的人只做证明题。',NULL,'http://mrkelly.cc',NULL,NULL,NULL,NULL,NULL,NULL,NULL,NULL,NULL,NULL,NULL,44,251,NULL,'2011-02-05 01:18:35','2011-02-05 01:18:35'),
	(76,316394498,NULL,NULL,'kk22','公的Kelly','male',NULL,NULL,'低调内秀闷骚可爱; 金融专业的电脑小白痴; 爱设计, 爱编程, 爱互联网; 各种打酱油。推特@mrkelly//有梦想的人只做证明题。',NULL,'http://mrkelly.cc',NULL,NULL,NULL,NULL,NULL,NULL,'1970-01-01',NULL,30,44,251,44,254,NULL,'2011-02-05 01:21:07','2011-02-05 02:15:33'),
	(77,56776429,NULL,NULL,'心动恋爱','心动恋爱网络','female',NULL,NULL,'微博应用\"心动\"官方微博.相互\"心动\",获得对方的微博链接,联系方式; 单方心动.对不起,你实在不能骚扰对方.让你的外在与内涵在互联创造新的恋爱2.0吧',NULL,'http://xindong.mrkelly.cc',NULL,NULL,NULL,NULL,NULL,NULL,NULL,NULL,31,NULL,NULL,44,251,NULL,'2011-02-05 23:16:12','2011-02-05 23:16:12'),
	(78,667464021,NULL,NULL,'bbq~','心动恋爱网络','female',NULL,NULL,'微博应用\"心动\"官方微博.相互\"心动\",获得对方的微博链接,联系方式; 单方心动.对不起,你实在不能骚扰对方.让你的外在与内涵在互联创造新的恋爱2.0吧asdfa<a href=\"#\">KK</a>',NULL,'http://xindong.mrkelly.cc',NULL,NULL,NULL,NULL,NULL,NULL,'1990-06-26',NULL,32,44,251,44,254,NULL,'2011-02-05 23:30:19','2011-02-06 00:05:24'),
	(79,566000704,NULL,NULL,'bbb','Mr Kelly',NULL,NULL,NULL,NULL,NULL,NULL,NULL,NULL,NULL,NULL,NULL,NULL,'1990-01-01',NULL,NULL,NULL,NULL,11,1,NULL,'2011-02-07 01:02:46','2011-02-07 01:02:46'),
	(80,251686839,NULL,NULL,'我','Mr Kelly','female',NULL,NULL,'公的Kelly',NULL,'http://mrkelly.cc',NULL,NULL,NULL,NULL,NULL,NULL,'1990-01-01',NULL,NULL,NULL,NULL,11,1,NULL,'2011-02-07 01:18:09','2011-02-07 01:18:09'),
	(81,825932300,NULL,NULL,'zbxzcv','Mr Kelly','female',NULL,NULL,'公的Kelly',NULL,'http://mrkelly.cc',NULL,NULL,NULL,NULL,NULL,NULL,'1990-01-01',NULL,NULL,NULL,NULL,11,1,NULL,'2011-02-07 01:27:04','2011-02-07 01:27:04'),
	(82,567413930,NULL,NULL,'威尔赛弗','sdsf',NULL,NULL,NULL,NULL,NULL,NULL,NULL,NULL,NULL,'chepydasfdsf@gmail.com',NULL,NULL,NULL,NULL,NULL,NULL,NULL,11,1,NULL,'2011-02-08 01:57:16','2011-02-08 01:57:16'),
	(83,773091415,NULL,'momo','123456','么么','male','41','摩羯座','',NULL,NULL,NULL,NULL,NULL,'kkmmm@gmail.com',NULL,NULL,'1970-01-01',NULL,NULL,NULL,NULL,44,248,NULL,'2011-02-08 20:34:05','2011-02-08 20:50:55'),
	(84,560412865,'','abc','asfd','dsaf','male','41','摩羯座','','',NULL,NULL,'','','bac.d@gmail.com',NULL,NULL,'1970-01-01',NULL,NULL,NULL,NULL,11,1,NULL,'2011-02-08 21:20:20','2011-02-08 21:22:41'),
	(85,537955012,'','','123456','asdf','','','',NULL,'','',NULL,'','','a@a.com','','',NULL,'',NULL,NULL,NULL,11,1,NULL,'2011-02-08 21:32:48','2011-02-08 21:32:48'),
	(86,768132198,'',NULL,'陈叉叉','Mr Kelly','male','21','摩羯座','公的Kelly','','http://mrkelly.cc',NULL,'','',NULL,NULL,NULL,'1990-01-01','245439977',NULL,NULL,NULL,31,107,NULL,'2011-02-10 16:11:49','2011-02-10 16:12:50');

/*!40000 ALTER TABLE `kk_user_profiles` ENABLE KEYS */;
UNLOCK TABLES;


# Dump of table kk_user_recommend
# ------------------------------------------------------------

DROP TABLE IF EXISTS `kk_user_recommend`;

CREATE TABLE `kk_user_recommend` (
  `id` int(11) NOT NULL AUTO_INCREMENT,
  `recommend_user_id` int(11) DEFAULT NULL,
  `user_id` int(11) DEFAULT NULL,
  `relation` varchar(255) DEFAULT NULL,
  `created` datetime DEFAULT NULL,
  `modified` timestamp NULL DEFAULT CURRENT_TIMESTAMP ON UPDATE CURRENT_TIMESTAMP,
  PRIMARY KEY (`id`)
) ENGINE=MyISAM AUTO_INCREMENT=6 DEFAULT CHARSET=utf8;

LOCK TABLES `kk_user_recommend` WRITE;
/*!40000 ALTER TABLE `kk_user_recommend` DISABLE KEYS */;
INSERT INTO `kk_user_recommend` (`id`,`recommend_user_id`,`user_id`,`relation`,`created`,`modified`)
VALUES
	(1,3,2,'friend','2011-02-11 02:24:53','2011-02-11 02:24:53'),
	(2,4,2,'friend','2011-02-11 02:27:58','2011-02-11 02:27:58'),
	(3,23,2,'friend','2011-02-11 21:12:51','2011-02-11 21:12:51'),
	(4,54,2,'friend','2011-02-11 21:15:42','2011-02-11 21:15:42'),
	(5,5,2,'friend','2011-02-11 21:19:55','2011-02-11 21:19:55');

/*!40000 ALTER TABLE `kk_user_recommend` ENABLE KEYS */;
UNLOCK TABLES;


# Dump of table kk_user_t_sina
# ------------------------------------------------------------

DROP TABLE IF EXISTS `kk_user_t_sina`;

CREATE TABLE `kk_user_t_sina` (
  `id` int(11) NOT NULL AUTO_INCREMENT,
  `user_id` int(11) DEFAULT NULL,
  `t_sina_id` int(255) DEFAULT NULL,
  `oauth_token` varchar(255) DEFAULT NULL,
  `oauth_token_secret` varchar(255) DEFAULT NULL,
  `created` datetime DEFAULT NULL,
  `modified` timestamp NULL DEFAULT CURRENT_TIMESTAMP ON UPDATE CURRENT_TIMESTAMP,
  PRIMARY KEY (`id`)
) ENGINE=MyISAM AUTO_INCREMENT=4 DEFAULT CHARSET=utf8;

LOCK TABLES `kk_user_t_sina` WRITE;
/*!40000 ALTER TABLE `kk_user_t_sina` DISABLE KEYS */;
INSERT INTO `kk_user_t_sina` (`id`,`user_id`,`t_sina_id`,`oauth_token`,`oauth_token_secret`,`created`,`modified`)
VALUES
	(1,316394498,1215059564,'75caf24acb6438b5e7a5637d6c8cc905','91798b08debab99caf258a18a8ac03f9','2011-02-05 01:21:07','2011-02-05 01:21:07'),
	(3,667464021,1654692724,'8028f72d62cb9c4a5bf487d7f3c26c7b','22db9b7e0b39a631d70e9d857ff2d1c6','2011-02-05 23:30:19','2011-02-05 23:30:19');

/*!40000 ALTER TABLE `kk_user_t_sina` ENABLE KEYS */;
UNLOCK TABLES;


# Dump of table kk_user_t_sina_old_http
# ------------------------------------------------------------

DROP TABLE IF EXISTS `kk_user_t_sina_old_http`;

CREATE TABLE `kk_user_t_sina_old_http` (
  `id` int(11) NOT NULL AUTO_INCREMENT,
  `user_id` int(11) DEFAULT NULL,
  `t_sina_id` int(11) DEFAULT NULL,
  `t_sina_login` varchar(255) DEFAULT NULL,
  `t_sina_password` varchar(255) DEFAULT NULL,
  `type` varchar(255) DEFAULT NULL,
  PRIMARY KEY (`id`)
) ENGINE=MyISAM AUTO_INCREMENT=36 DEFAULT CHARSET=utf8;

LOCK TABLES `kk_user_t_sina_old_http` WRITE;
/*!40000 ALTER TABLE `kk_user_t_sina_old_http` DISABLE KEYS */;
INSERT INTO `kk_user_t_sina_old_http` (`id`,`user_id`,`t_sina_id`,`t_sina_login`,`t_sina_password`,`type`)
VALUES
	(33,44,1215059564,'chepy6','hTn/HvJ1g','t_sina'),
	(17,2,1654692724,'chepy.v@gmail.com','zSK/yEk7j','user'),
	(34,45,1504712985,'yyimyy','ik3_hAYQP7UIi_X-f','t_sina'),
	(35,46,1438161975,'superbobby27@sina.com','uyHjwEMFVzo9T','t_sina');

/*!40000 ALTER TABLE `kk_user_t_sina_old_http` ENABLE KEYS */;
UNLOCK TABLES;


# Dump of table kk_user_website
# ------------------------------------------------------------

DROP TABLE IF EXISTS `kk_user_website`;

CREATE TABLE `kk_user_website` (
  `user_id` int(11) NOT NULL,
  `website_id` int(11) NOT NULL,
  `logo` varchar(45) CHARACTER SET utf8 COLLATE utf8_bin DEFAULT NULL,
  `url` varchar(45) CHARACTER SET utf8 COLLATE utf8_bin DEFAULT NULL,
  PRIMARY KEY (`user_id`,`website_id`),
  KEY `fk_kk_users_has_kk_option_custom_webiste_kk_users1` (`user_id`),
  KEY `fk_kk_users_has_kk_option_custom_webiste_kk_option_custom_web1` (`website_id`)
) ENGINE=MyISAM DEFAULT CHARSET=utf8;



# Dump of table kk_users
# ------------------------------------------------------------

DROP TABLE IF EXISTS `kk_users`;

CREATE TABLE `kk_users` (
  `id` int(11) NOT NULL,
  `username` varchar(50) CHARACTER SET utf8 COLLATE utf8_bin NOT NULL,
  `email` varchar(100) CHARACTER SET utf8 COLLATE utf8_bin NOT NULL,
  `role` varchar(255) NOT NULL,
  `activated` tinyint(1) NOT NULL DEFAULT '1',
  `banned` tinyint(1) NOT NULL DEFAULT '0',
  `ban_reason` varchar(255) CHARACTER SET utf8 COLLATE utf8_bin DEFAULT NULL,
  `new_password_key` varchar(50) CHARACTER SET utf8 COLLATE utf8_bin DEFAULT NULL,
  `new_password_requested` datetime DEFAULT NULL,
  `new_email` varchar(100) CHARACTER SET utf8 COLLATE utf8_bin DEFAULT NULL,
  `new_email_key` varchar(50) CHARACTER SET utf8 COLLATE utf8_bin DEFAULT NULL,
  `last_ip` varchar(40) CHARACTER SET utf8 COLLATE utf8_bin NOT NULL,
  `last_login` datetime DEFAULT NULL,
  `created` datetime DEFAULT NULL,
  `modified` timestamp NOT NULL DEFAULT CURRENT_TIMESTAMP ON UPDATE CURRENT_TIMESTAMP,
  `password` varchar(255) NOT NULL,
  PRIMARY KEY (`id`)
) ENGINE=MyISAM AUTO_INCREMENT=99836897 DEFAULT CHARSET=utf8;

LOCK TABLES `kk_users` WRITE;
/*!40000 ALTER TABLE `kk_users` DISABLE KEYS */;
INSERT INTO `kk_users` (`id`,`username`,`email`,`role`,`activated`,`banned`,`ban_reason`,`new_password_key`,`new_password_requested`,`new_email`,`new_email_key`,`last_ip`,`last_login`,`created`,`modified`,`password`)
VALUES
	(2,'','chepy.v@gmail.com','',1,0,NULL,NULL,NULL,NULL,NULL,'0.0.0.0','2011-02-11 20:05:23','2010-08-08 23:30:44','2011-02-11 20:05:23','_zzD.sGQBKbIWImJijnQ'),
	(3,'','abc@abc.com','',1,0,NULL,NULL,NULL,NULL,NULL,'127.0.0.1','2010-09-19 09:14:38','2010-08-09 00:55:40','2010-09-19 09:14:38','$2a$08$Vgux66c165JHhOLdR9H1SuwBjvRLh1D/3HKpKR0hnGe2JuJSxaGZS'),
	(4,'','c@qwe.com','',1,0,NULL,NULL,NULL,NULL,NULL,'127.0.0.1','2010-08-09 10:37:42','2010-08-09 10:37:42','2010-08-09 10:37:42','$2a$08$nc1LLAS.AcqHn.hhK2RCEeWt7sc0eQPExBa7bV4Df1ptOl7xDHA0u'),
	(5,'','c@c.com','',1,0,NULL,NULL,NULL,NULL,NULL,'127.0.0.1','2010-08-11 16:12:20','2010-08-09 23:51:55','2010-08-11 16:12:20','$2a$08$dyZSsMl7U.UuYPD739DPSuKNuUjJL1aZlQbGkJ2py1ijnxtbaL4A2'),
	(6,'','d@d.com','',1,0,NULL,NULL,NULL,NULL,NULL,'127.0.0.1','2010-08-10 14:10:54','2010-08-10 14:10:54','2010-08-10 14:10:54','$2a$08$YUz5s67egK4CUCaLzJIyy.HVKr8Mzppdqvo7QeW3B4hYIrk3gudfS'),
	(7,'','i@i.com','',1,0,NULL,NULL,NULL,NULL,NULL,'127.0.0.1','2010-08-12 14:29:41','2010-08-12 14:29:41','2010-08-12 14:29:41','$2a$08$e0PChG.tbAyUmuUCdcERTOtU/rarrdaKgSKqOUI0F0lNEhLIw33/2'),
	(8,'陈 kk','abc@asfn.com','',1,0,NULL,NULL,NULL,NULL,NULL,'127.0.0.1','2010-08-15 21:03:00','2010-08-15 20:52:26','2010-08-15 21:03:00','$2a$08$3LRHvftCHCD1l07/S8G/4uCwqYgjMOnSp.GDWmHINMWixEij3hFa.'),
	(9,'adfasdf','faslfsaf@adsfsdaf.com','',1,0,NULL,NULL,NULL,NULL,NULL,'127.0.0.1','2010-08-15 21:09:06','2010-08-15 21:09:06','2010-08-15 21:09:06','$2a$08$enz3GDJTlIi0XLd1A1LduOcyAlUF.y1b6VJoFhG0av27lVUwqYaFC'),
	(15,'','asdf@asdfsadf.com','',1,0,NULL,NULL,NULL,NULL,NULL,'127.0.0.1','2010-08-16 00:23:21','2010-08-16 00:23:21','2010-08-16 00:23:21','$2a$08$9sbWS0Pn00UGBzYzgW8vkO3fSNZ4ocfZeqwBA0Bzl0GJcm19tv13S'),
	(16,'','qqqq@qqq.com','',1,0,NULL,NULL,NULL,NULL,NULL,'127.0.0.1','2010-08-16 00:24:58','2010-08-16 00:24:58','2010-08-16 00:24:58','$2a$08$/54cPZffdrpJu5UMffRwPuKclf0R8zZW7KvLLDQAkpCmKowg5fEGK'),
	(17,'','asfadsf@a.com','',1,0,NULL,NULL,NULL,NULL,NULL,'127.0.0.1','2010-08-16 00:25:37','2010-08-16 00:25:37','2010-08-16 00:25:37','$2a$08$rgM9Azf1rd/J37vTGi4LbuQ8KPULuoxICbpK6MtTfw3FmaIY0tgIm'),
	(18,'','asdf@qqq.com','',1,0,NULL,NULL,NULL,NULL,NULL,'127.0.0.1','2010-08-16 00:27:26','2010-08-16 00:27:26','2010-08-16 00:27:26','$2a$08$maAGFQXGKtNWAJvkdErGdODYVdUSLRk8pofhnBxgslhGPB2A2FT.G'),
	(19,'','asfsdf@xdd.com','',1,0,NULL,NULL,NULL,NULL,NULL,'127.0.0.1','2010-08-16 00:37:34','2010-08-16 00:37:34','2010-08-16 00:37:34','$2a$08$GQsNUyU/O3PtNEHJyVTuwO0Jhu/7GO3O0B0VQfTZRhozq8NQQfeL6'),
	(44,'','chepy6@t.sina.com','',1,0,NULL,NULL,NULL,NULL,NULL,'0.0.0.0','2011-01-28 00:09:07','2010-11-12 23:18:57','2011-01-28 00:09:07','$2a$08$KkGfhmXXQ8wk3fOglBun0OQLZfeRifnO4AzgwxDilKi9wOXI.U5i2'),
	(23,'','asdfasfd@adsf.com','',1,0,NULL,NULL,NULL,NULL,NULL,'127.0.0.1','2010-08-23 16:20:23','2010-08-23 16:20:23','2010-08-23 16:20:23','$2a$08$OsOifIGhdkqbPKIDi6A7QOSbXMsbGA/SWoSXtej6HRZKBqI3Eq3tG'),
	(45,'','yyimyy@t.sina.com','',1,0,NULL,NULL,NULL,NULL,NULL,'0.0.0.0','2010-11-13 16:41:29','2010-11-12 23:40:15','2010-11-13 16:41:29','$2a$08$pEs0GHeLFbaL14dydVdI8Ona6mXUqHWM1ck338OaSCWACFcijoFjK'),
	(43,'','fishandup@gmail.com','',1,0,NULL,NULL,NULL,NULL,NULL,'172.24.40.41','2010-09-21 14:43:40','2010-09-21 14:43:40','2010-09-21 14:43:40','$2a$08$jE3YV.YRKfDeD1v7JXtkCOVNHJtMxl57DyW0imhCEvGAcMm.MRgdK'),
	(46,'','superbobby27@sina.com@t.sina.com','',1,0,NULL,NULL,NULL,NULL,NULL,'0.0.0.0','2010-11-17 23:04:46','2010-11-17 23:04:46','2010-11-17 23:04:46','$2a$08$PHoibzoUoxbZ5qvFPOMoWuI7Ci4/fYnAIMQHHMut1A.45CYWSYZgm'),
	(48,'','mrkelly@foxmail.com','',1,0,NULL,NULL,NULL,NULL,NULL,'0.0.0.0','2011-01-28 03:05:12','2011-01-28 03:05:12','2011-01-28 03:05:12','$2a$08$NPM4C8LqC/LWqIYNwVnhZOxMYceBeo.rksQOrzeuanE9cZqs4DRT6'),
	(47,'','online-zwl@163.com','',1,0,NULL,NULL,NULL,NULL,NULL,'172.24.46.89','2011-01-02 15:43:44','2011-01-02 15:43:44','2011-01-02 15:43:44','$2a$08$iSrWcbDJ8VangsacY4CbbOR8yx2g8rEsuIOjEhldYjbigyDQmMp/y'),
	(49,'','kk21@kk.com','',1,0,NULL,NULL,NULL,NULL,NULL,'0.0.0.0','2011-01-28 03:15:27','2011-01-28 03:15:27','2011-01-28 03:15:27','$2a$08$PCJW3Q8EbXc0SQBlV8I/Ru9EV4ktUufUnl87tLulrBv62WcaJyOPC'),
	(50,'','kk22@kk.com','',1,0,NULL,NULL,NULL,NULL,NULL,'0.0.0.0','2011-01-28 03:16:03','2011-01-28 03:16:03','2011-01-28 03:16:03','$2a$08$yO597f8iZV8trYRV1/hxC.ux9R72JY0AO4fQdDQuCHWcZyykUaX7q'),
	(51,'','kk23@kk.com','',1,0,NULL,NULL,NULL,NULL,NULL,'0.0.0.0','2011-01-28 03:18:14','2011-01-28 03:18:14','2011-01-28 03:18:14','$2a$08$SFFM5Kv4taMYoEk5HuOHX.9twEDw/Cmf4LxLUVYUF8hLZKhDe86yi'),
	(52,'','chepy9@gmail.com','',1,0,NULL,NULL,NULL,NULL,NULL,'0.0.0.0','2011-01-30 00:52:45','2011-01-30 00:52:44','2011-01-30 00:52:45','$2a$08$Egz2HfEV85yk2nwO85JVDeSGZ6sb3MxtDuNk3tlr7tP9W/qSts4Ne'),
	(53,'','chepy89@gmail.com','',1,0,NULL,NULL,NULL,NULL,NULL,'0.0.0.0','2011-01-30 01:02:39','2011-01-30 01:02:39','2011-01-30 01:02:39','$2a$08$y3IFuSGUHb9S/o0F9rKxk.cjOYzGGBcyBXPiPr0mXWk5S4oKDgBbq'),
	(54,'','chepy90@gmail.com','',1,0,NULL,NULL,NULL,NULL,NULL,'0.0.0.0','2011-01-30 01:03:46','2011-01-30 01:03:46','2011-01-30 01:03:46','$2a$08$.9BCnE4QSwCSyLzr1kisou6mJbk1QdO8pLBuwV9QWEgZbymNgi0W6'),
	(99836896,'','chepy30@gmail.com','',1,0,NULL,NULL,NULL,NULL,NULL,'0.0.0.0','2011-01-30 22:00:23','2011-01-30 22:00:23','2011-01-30 22:00:23','$2a$08$h6oeK6jEx/4VfUIo0o16n.cGoo8IEkwCzjDhB6O8o53.eMYywLJoS'),
	(27472156,'','chepy31@gmail.com','',1,0,NULL,NULL,NULL,NULL,NULL,'0.0.0.0','2011-01-30 22:06:51','2011-01-30 22:06:51','2011-01-30 22:06:51','$2a$08$5q471wYt.YDvxEBcit7HpeLL6bUAqynZqrOcf6RJ28I2h.UQLQtcW'),
	(64984763,'','chepy33@gmail.com','',1,0,NULL,NULL,NULL,NULL,NULL,'0.0.0.0','2011-01-30 23:11:52','2011-01-30 22:10:31','2011-01-30 23:11:52','$2a$08$7EFW4J6lR7VV.YRcHMPZsOuqR4kT0tnqZ2YRGaUH/IHbSP9SCuZ9u'),
	(540458466,'','chepy88@gmail.com','',1,0,NULL,NULL,NULL,NULL,NULL,'0.0.0.0','2011-02-01 02:28:57','2011-02-01 02:28:57','2011-02-01 02:28:57','$2a$08$0DGXIhxDPBZPUAdVv/irvOhePqd7ciwHW.qVRfidO9Xkef26OLnyq'),
	(383314932,'','chepy5@gmail.com','',1,0,NULL,NULL,NULL,NULL,NULL,'0.0.0.0','2011-02-02 02:22:43','2011-02-02 02:22:42','2011-02-02 02:22:43','$2a$08$YXisZQKemVr9vADNGlJWsuyg4fAWcqzNIYBA3NqPF29yHGN9.DaAu'),
	(573503959,'','chepy76@gmail.com','',1,0,NULL,NULL,NULL,NULL,NULL,'0.0.0.0','2011-02-03 02:20:37','2011-02-03 02:20:37','2011-02-03 02:20:37','$2a$08$PQ6F765tFYQGZVhyBZaEz.T4DLQQB/y0SZflyWerLh9zTVgK27Z5m'),
	(244376418,'','abcd@aaaa.com','',1,0,NULL,NULL,NULL,NULL,NULL,'0.0.0.0','2011-02-03 02:38:47','2011-02-03 02:38:47','2011-02-03 02:38:47','$2a$08$qXEJCtbT8kCgNR7DLjtndOZUl6XI.shqefUpzjW9MqRkOu/fRJ8nu'),
	(574655045,'','asdfsaf@asdf.com','',1,0,NULL,NULL,NULL,NULL,NULL,'0.0.0.0','2011-02-03 02:41:30','2011-02-03 02:41:30','2011-02-03 02:41:30','$2a$08$xQbzkn4z/PTmwSOAwE7Vie6lgfrV77Hy5fFVeC86FuuzNmX1mLP2.'),
	(300259063,'','asdfasf@adffd.com','',1,0,NULL,NULL,NULL,NULL,NULL,'0.0.0.0','2011-02-03 02:47:24','2011-02-03 02:47:24','2011-02-03 02:47:24','$2a$08$Wihwp8UYffZH5AxPSeO4neMEzDf4Elcz/KxLoZsuOPqvYvx5756q.'),
	(939281840,'','chepy07@gmail.com','',1,0,NULL,NULL,NULL,NULL,NULL,'0.0.0.0','2011-02-03 14:04:11','2011-02-03 14:04:01','2011-02-03 14:04:11','_zzD.sGQBKbIWImJijnQ'),
	(958514336,'','chepy08@gmail.com','',1,0,NULL,NULL,NULL,NULL,NULL,'0.0.0.0','2011-02-03 14:11:12','2011-02-03 14:06:59','2011-02-03 14:11:12','_zzD.mJClsQbjtvLJoII'),
	(295780241,'','chepy09@gmail.com','',1,0,NULL,NULL,NULL,NULL,NULL,'0.0.0.0','2011-02-03 14:10:51','2011-02-03 14:10:51','2011-02-03 14:10:51','$2a$08$DvLUeo7HazsFbYzH/x6fPeXTGwHFt6VQ7EXr.p85NLrqXuytFW7VS'),
	(935231305,'','chepy10@gmail.com','',1,0,NULL,NULL,NULL,NULL,NULL,'0.0.0.0','2011-02-05 00:08:46','2011-02-03 14:16:23','2011-02-05 00:08:46','_zzD.3vxQYdwl4Q5kYsI'),
	(97921190,'','chepy.v1@gmail.com','',1,0,NULL,NULL,NULL,NULL,NULL,'0.0.0.0','2011-02-05 00:58:51','2011-02-05 00:58:50','2011-02-05 00:58:51','_zzD.mmc9OZ7veCwgAtY'),
	(680191953,'','chepy46@gmail.com','',1,0,NULL,NULL,NULL,NULL,NULL,'0.0.0.0','2011-02-05 01:00:44','2011-02-05 01:00:44','2011-02-05 01:00:44','_zzD.p1Z5f55G1Kmnso2'),
	(45968151,'','afdasdf125@gmail.com','',1,0,NULL,NULL,NULL,NULL,NULL,'0.0.0.0','2011-02-05 01:08:20','2011-02-05 01:08:20','2011-02-05 01:08:20','_zzD.sZdsxl3D65vTR7U'),
	(665661022,'','oop1334@gmail.com','',1,0,NULL,NULL,NULL,NULL,NULL,'0.0.0.0','2011-02-05 01:09:23','2011-02-05 01:09:23','2011-02-05 01:09:23','_zzD.jAlrSug4s1cwfQQ'),
	(760006139,'','kk123@gmail.com','',1,0,NULL,NULL,NULL,NULL,NULL,'0.0.0.0','2011-02-05 01:17:54','2011-02-05 01:16:39','2011-02-05 01:17:54','_zzD.5puuN0jP.c3Kqdc'),
	(262824931,'','kk99@gmail.com','',1,0,NULL,NULL,NULL,NULL,NULL,'0.0.0.0','2011-02-05 01:18:34','2011-02-05 01:18:34','2011-02-05 01:18:34','_zzD.ievWVaDA.i3bxqY'),
	(316394498,'','kk776@gmail.com','',1,0,NULL,NULL,NULL,NULL,NULL,'0.0.0.0','2011-02-10 18:55:48','2011-02-05 01:21:02','2011-02-10 18:55:48','_zzD.DZ5sW7s.n3Urhrw'),
	(56776429,'','casfsa112@gmail.com','',1,0,NULL,NULL,NULL,NULL,NULL,'0.0.0.0','2011-02-05 23:16:10','2011-02-05 23:16:10','2011-02-05 23:16:10','_zzD.04IrjdJJ.FAr4WE'),
	(667464021,'','afsadlfcv@gmail.com','',1,0,NULL,NULL,NULL,NULL,NULL,'0.0.0.0','2011-02-05 23:30:17','2011-02-05 23:30:17','2011-02-05 23:30:17','_zzD.DKIa8SnatHAovq2'),
	(904593089,'','bb234@gmail.com','',1,0,NULL,NULL,NULL,NULL,NULL,'0.0.0.0','2011-02-07 00:58:06','2011-02-07 00:58:06','2011-02-07 00:58:06','_zzD.QFAo3xsRxIUhRiw'),
	(566000704,'','bbm123@gmail.com','',1,0,NULL,NULL,NULL,NULL,NULL,'0.0.0.0','2011-02-07 01:02:46','2011-02-07 01:02:45','2011-02-07 01:02:46','_zzD.Gy8JtQVg6bljJBY'),
	(251686839,'','bacv@gmail.com','',1,0,NULL,NULL,NULL,NULL,NULL,'0.0.0.0','2011-02-07 01:18:09','2011-02-07 01:18:09','2011-02-07 01:18:09','_zzD.RhqzsKHC3eBc1bg'),
	(825932300,'','qqaqa@gmail.com','',1,0,NULL,NULL,NULL,NULL,NULL,'0.0.0.0','2011-02-07 01:27:25','2011-02-07 01:27:04','2011-02-07 01:27:25','_zzD.s44nhFvYID7tIQ2'),
	(567413930,'','chepydasfdsf@gmail.com','',1,0,NULL,NULL,NULL,NULL,NULL,'0.0.0.0','2011-02-08 01:57:16','2011-02-08 01:57:16','2011-02-08 01:57:16','_zzD.YsB2U2XSA9qWskE'),
	(773091415,'','kkmmm@gmail.com','',1,0,NULL,NULL,NULL,NULL,NULL,'0.0.0.0','2011-02-08 20:34:05','2011-02-08 20:34:05','2011-02-08 20:34:05','_zzD.a/BtZjyYo3ziwMs'),
	(560412865,'','bac.d@gmail.com','',1,0,NULL,NULL,NULL,NULL,NULL,'0.0.0.0','2011-02-08 21:20:20','2011-02-08 21:20:20','2011-02-08 21:20:20','_zzD.rL7HpnZzgxkdGww'),
	(537955012,'','a@a.com','',1,0,NULL,NULL,NULL,NULL,NULL,'0.0.0.0','2011-02-08 21:32:48','2011-02-08 21:32:48','2011-02-08 21:32:48','_zzD.glxVloX1vpXFwgM'),
	(768132198,'','jmmmasdfw@gmail.com','',1,0,NULL,NULL,NULL,NULL,NULL,'0.0.0.0','2011-02-10 16:11:49','2011-02-10 16:11:48','2011-02-10 16:11:49','_zzD.HJdK3/6V9S9IwwY');

/*!40000 ALTER TABLE `kk_users` ENABLE KEYS */;
UNLOCK TABLES;


# Dump of table kk_vouched
# ------------------------------------------------------------

DROP TABLE IF EXISTS `kk_vouched`;

CREATE TABLE `kk_vouched` (
  `id` int(11) DEFAULT NULL,
  `model` varchar(255) DEFAULT NULL,
  `model_id` int(11) DEFAULT NULL,
  `vouched` int(11) DEFAULT NULL,
  `vouch_text` text
) ENGINE=MyISAM DEFAULT CHARSET=utf8;






/*!40111 SET SQL_NOTES=@OLD_SQL_NOTES */;
/*!40101 SET SQL_MODE=@OLD_SQL_MODE */;
/*!40014 SET FOREIGN_KEY_CHECKS=@OLD_FOREIGN_KEY_CHECKS */;
/*!40014 SET UNIQUE_CHECKS=@OLD_UNIQUE_CHECKS */;
/*!40101 SET CHARACTER_SET_CLIENT=@OLD_CHARACTER_SET_CLIENT */;
/*!40101 SET CHARACTER_SET_RESULTS=@OLD_CHARACTER_SET_RESULTS */;
/*!40101 SET COLLATION_CONNECTION=@OLD_COLLATION_CONNECTION */;
