id,"keyword","filter"
1,"和谐","水产"
2,"党","派对"
3,"俯卧撑","运动"
31,"干死","做下"
5,"SB","文明用语"
6,"妈的","文明用语"
11,"粪","代谢产物"
10,"妈逼","文明用语"
9,"妈B","文明用语"
12,"屎","代谢产物"
13,"放屁","文明用语"
14,"社会主义","初级阶段"
15,"人木又","好五倍的权利"
16,"政府","gov"
17,"无界","无边"
18,"GFW","wall"
19,"煤矿","黑色燃料基地"
20,"坦克","打炮车"
21,"独裁","一把剪刀"
22,"领导人","擎天柱"
23,"垃圾","废品"
24,"lj","废品"
25,"公安","平平安安"
26,"警察","平平安安"
27,"藏","hide"
28,"网监","太监"
29,"人大","议会"
30,"共产","水产"



